{
  "preset_info": {
    "author": "Kustom Industries",
    "description": "Repeating and scrolling circle representation of Date, Time and Sunrise. All Komponents are reusable.",
    "email": "",
    "title": "DayNight",
    "version": 4
  },
  "preset_root": {
    "internal_type": "RootLayerModule",
    "background_type": "SOLID",
    "position_padding_top": 192,
    "globals_list": {
      "barfg": {
        "index": 1,
        "type": "COLOR",
        "title": "BarFg",
        "value": "#FF008FA3"
      },
      "barbg": {
        "index": 2,
        "type": "COLOR",
        "title": "BarBg",
        "value": "#FFC5C5C5"
      },
      "text1": {
        "index": 3,
        "type": "COLOR",
        "title": "Text1",
        "value": "#FFFFFFFF"
      },
      "text2": {
        "index": 4,
        "type": "COLOR",
        "title": "Text2",
        "value": "#FF4F99A3"
      },
      "textf": {
        "index": 5,
        "type": "FONT",
        "title": "TextF",
        "value": "kfile:\/\/org.kustom.provider\/fonts\/Roboto-Thin.ttf"
      }
    },
    "viewgroup_items": [
      {
        "internal_type": "OverlapLayerModule",
        "config_tiling": "REPEAT_HORIZONTAL",
        "internal_animations": {
          "9895a9be4f6f4867": {
            "type": "SCROLL",
            "speed": 150
          }
        },
        "viewgroup_items": [
          {
            "internal_type": "StackLayerModule",
            "internal_animations": {
              "bfa43f426d524693": {
                "type": "SCROLL"
              }
            },
            "config_stacking": "HORIZONTAL_CENTER",
            "viewgroup_items": [
              {
                "internal_type": "KomponentModule",
                "globals_list": {
                  "barfg": {
                    "index": 1,
                    "type": "COLOR",
                    "title": "BarFg",
                    "value": "#FFDF6D00",
                    "toggles": 100,
                    "global": "barfg"
                  },
                  "barbg": {
                    "index": 2,
                    "type": "COLOR",
                    "title": "BarBg",
                    "value": "#FFA8A8A8",
                    "toggles": 100,
                    "global": "barbg"
                  },
                  "text1": {
                    "index": 3,
                    "type": "COLOR",
                    "title": "Text1",
                    "value": "#FFFFFFFF",
                    "toggles": 100,
                    "global": "text1"
                  },
                  "text2": {
                    "index": 4,
                    "type": "COLOR",
                    "title": "Text2",
                    "value": "#FFDF8D3F",
                    "toggles": 100,
                    "global": "text2"
                  },
                  "textf": {
                    "index": 5,
                    "type": "FONT",
                    "title": "TextF",
                    "value": "kfile:\/\/org.kustom.provider\/fonts\/Roboto-Thin.ttf",
                    "toggles": 100,
                    "global": "textf"
                  }
                },
                "internal_title": "DayNight",
                "viewgroup_items": [
                  {
                    "internal_type": "ShapeModule",
                    "internal_toggles": {
                      "shape_angle": 10,
                      "shape_rotate_offset": 10,
                      "paint_color": 100
                    },
                    "internal_formulas": {
                      "shape_angle": "$360\/(24*60*60)*(ai(sunset)-ai(sunrise))$",
                      "shape_rotate_offset": "$180+360\/(24*60*60)*(ai(sunrise)-dp(h0m0s0))$"
                    },
                    "shape_type": "SLICE",
                    "shape_width": 300,
                    "shape_angle": 62,
                    "internal_title": "Day",
                    "shape_rotate_mode": "MANUAL",
                    "internal_globals": {
                      "paint_color": "barfg"
                    },
                    "shape_height": 10
                  },
                  {
                    "internal_type": "ShapeModule",
                    "internal_toggles": {
                      "shape_angle": 10,
                      "shape_rotate_offset": 10,
                      "paint_color": 100
                    },
                    "internal_formulas": {
                      "shape_angle": "$360\/(24*60*60)*(ai(nsunrise)-ai(sunset))$",
                      "shape_rotate_offset": "$180+360\/(24*60*60)*(ai(sunset)-dp(h0m0s0))$"
                    },
                    "shape_type": "SLICE",
                    "shape_width": 300,
                    "shape_angle": 62,
                    "internal_title": "Night",
                    "shape_rotate_mode": "MANUAL",
                    "paint_color": "#FFBDBDBD",
                    "internal_globals": {
                      "paint_color": "barbg"
                    },
                    "shape_height": 10
                  },
                  {
                    "internal_type": "OverlapLayerModule",
                    "internal_title": "Now Mark",
                    "position_padding_bottom": 291,
                    "internal_toggles": {
                      "config_rotate_offset": 10
                    },
                    "internal_formulas": {
                      "config_rotate_offset": "$180+360\/(24*60*60)*(dp()-dp(h0m0s0))$"
                    },
                    "config_rotate_mode": "MANUAL",
                    "viewgroup_items": [
                      {
                        "internal_type": "ShapeModule",
                        "shape_type": "CIRCLE",
                        "shape_width": 8,
                        "paint_mode": "CLEAR"
                      }
                    ]
                  },
                  {
                    "internal_type": "OverlapLayerModule",
                    "internal_title": "Sunrise Mark",
                    "internal_toggles": {
                      "config_rotate_offset": 10
                    },
                    "internal_formulas": {
                      "config_rotate_offset": "$180+360\/(24*60*60)*(ai(sunrise)-dp(h0m0s0))$"
                    },
                    "position_padding_bottom": 280,
                    "config_rotate_mode": "MANUAL",
                    "viewgroup_items": [
                      {
                        "internal_type": "ShapeModule",
                        "shape_type": "CIRCLE",
                        "shape_width": 50,
                        "paint_mode": "CLEAR"
                      },
                      {
                        "internal_type": "ShapeModule",
                        "shape_type": "CIRCLE",
                        "shape_width": 40,
                        "internal_toggles": {
                          "paint_color": 100
                        },
                        "internal_globals": {
                          "paint_color": "barfg"
                        },
                        "paint_style": "STROKE",
                        "paint_stroke": 5
                      },
                      {
                        "internal_type": "TextModule",
                        "internal_toggles": {
                          "paint_color": 100
                        },
                        "internal_globals": {
                          "paint_color": "text1"
                        },
                        "text_expression": "R",
                        "text_family": "kfile:\/\/org.kustom.provider\/fonts\/sunrisesunset.ttf"
                      }
                    ]
                  },
                  {
                    "internal_type": "OverlapLayerModule",
                    "internal_title": "Sunset Mark",
                    "internal_toggles": {
                      "config_rotate_offset": 10
                    },
                    "internal_formulas": {
                      "config_rotate_offset": "$180+360\/(24*60*60)*(ai(sunset)-dp(h0m0s0))$"
                    },
                    "position_padding_bottom": 280,
                    "config_rotate_mode": "MANUAL",
                    "viewgroup_items": [
                      {
                        "internal_type": "ShapeModule",
                        "shape_type": "CIRCLE",
                        "shape_width": 50,
                        "paint_mode": "CLEAR"
                      },
                      {
                        "internal_type": "ShapeModule",
                        "shape_type": "CIRCLE",
                        "shape_width": 40,
                        "internal_toggles": {
                          "paint_color": 100
                        },
                        "internal_globals": {
                          "paint_color": "barbg"
                        },
                        "paint_style": "STROKE",
                        "paint_stroke": 5
                      },
                      {
                        "internal_type": "TextModule",
                        "internal_toggles": {
                          "paint_color": 100
                        },
                        "internal_globals": {
                          "paint_color": "text1"
                        },
                        "text_expression": "S",
                        "text_family": "kfile:\/\/org.kustom.provider\/fonts\/sunrisesunset.ttf"
                      }
                    ]
                  },
                  {
                    "internal_type": "StackLayerModule",
                    "config_stacking": "VERTICAL_CENTER",
                    "viewgroup_items": [
                      {
                        "internal_type": "StackLayerModule",
                        "config_stacking": "HORIZONTAL_BOTTOM",
                        "viewgroup_items": [
                          {
                            "internal_type": "TextModule",
                            "text_expression": "dawn",
                            "text_size": 25,
                            "text_family": "kfile:\/\/org.kustom.provider\/fonts\/Roboto-Thin.ttf",
                            "internal_toggles": {
                              "paint_color": 100,
                              "text_family": 100
                            },
                            "internal_globals": {
                              "paint_color": "text2",
                              "text_family": "textf"
                            }
                          },
                          {
                            "internal_type": "TextModule",
                            "text_expression": "$df(\"hh:mm\", ai(sunrise))$",
                            "text_size": 60,
                            "text_family": "kfile:\/\/org.kustom.provider\/fonts\/Roboto-Thin.ttf",
                            "internal_toggles": {
                              "text_family": 100,
                              "paint_color": 100
                            },
                            "internal_globals": {
                              "text_family": "textf",
                              "paint_color": "text1"
                            }
                          }
                        ]
                      },
                      {
                        "internal_type": "StackLayerModule",
                        "config_stacking": "HORIZONTAL_BOTTOM",
                        "viewgroup_items": [
                          {
                            "internal_type": "TextModule",
                            "text_expression": "$df(\"hh:mm\", ai(sunset))$",
                            "text_size": 60,
                            "text_family": "kfile:\/\/org.kustom.provider\/fonts\/Roboto-Thin.ttf",
                            "internal_toggles": {
                              "text_family": 100,
                              "paint_color": 100
                            },
                            "internal_globals": {
                              "text_family": "textf",
                              "paint_color": "text1"
                            }
                          },
                          {
                            "internal_type": "TextModule",
                            "text_expression": "dusk",
                            "text_size": 25,
                            "text_family": "kfile:\/\/org.kustom.provider\/fonts\/Roboto-Thin.ttf",
                            "internal_toggles": {
                              "paint_color": 100,
                              "text_family": 100
                            },
                            "internal_globals": {
                              "paint_color": "text2",
                              "text_family": "textf"
                            }
                          }
                        ]
                      }
                    ]
                  }
                ]
              },
              {
                "internal_type": "KomponentModule",
                "globals_list": {
                  "barfg": {
                    "index": 1,
                    "type": "COLOR",
                    "title": "BarFg",
                    "value": "#FFDF6D00",
                    "toggles": 100,
                    "global": "barfg"
                  },
                  "barbg": {
                    "index": 2,
                    "type": "COLOR",
                    "title": "BarBg",
                    "value": "#FFA8A8A8",
                    "toggles": 100,
                    "global": "barbg"
                  },
                  "text1": {
                    "index": 3,
                    "type": "COLOR",
                    "title": "Text1",
                    "value": "#FFFFFFFF",
                    "toggles": 100,
                    "global": "text1"
                  },
                  "text2": {
                    "index": 4,
                    "type": "COLOR",
                    "title": "Text2",
                    "value": "#FFDF8D3F",
                    "toggles": 100,
                    "global": "text2"
                  },
                  "textf": {
                    "index": 5,
                    "type": "FONT",
                    "title": "TextF",
                    "value": "kfile:\/\/org.kustom.provider\/fonts\/Roboto-Thin.ttf",
                    "toggles": 100,
                    "global": "textf"
                  }
                },
                "internal_title": "DayClock",
                "internal_locked": "true",
                "viewgroup_items": [
                  {
                    "internal_type": "ShapeModule",
                    "internal_toggles": {
                      "shape_angle": 10,
                      "shape_rotate_offset": 0,
                      "paint_color": 100
                    },
                    "internal_formulas": {
                      "shape_angle": "$360\/(60)*(df(s))$",
                      "shape_rotate_offset": "$180+360\/(24*60*60)*(ai(sunrise)-dp(h0m0s0))$"
                    },
                    "shape_type": "SLICE",
                    "shape_width": 300,
                    "shape_angle": 62,
                    "internal_title": "SecondsOn",
                    "shape_rotate_mode": "MANUAL",
                    "internal_globals": {
                      "paint_color": "barfg"
                    },
                    "shape_height": 10
                  },
                  {
                    "internal_type": "ShapeModule",
                    "internal_toggles": {
                      "shape_angle": 10,
                      "shape_rotate_offset": 10,
                      "paint_color": 100
                    },
                    "internal_formulas": {
                      "shape_angle": "$360\/(60)*(60-df(s))$",
                      "shape_rotate_offset": "$360\/(60)*(df(s))$"
                    },
                    "shape_type": "SLICE",
                    "shape_width": 300,
                    "shape_angle": 62,
                    "internal_title": "SecondsOff",
                    "shape_rotate_mode": "MANUAL",
                    "paint_color": "#FFBDBDBD",
                    "internal_globals": {
                      "paint_color": "barbg"
                    },
                    "shape_height": 10
                  },
                  {
                    "internal_type": "OverlapLayerModule",
                    "internal_title": "Hour Mark",
                    "position_padding_bottom": 291,
                    "internal_toggles": {
                      "config_rotate_offset": 0
                    },
                    "internal_formulas": {
                      "config_rotate_offset": "$360\/(60)*(df(s))$"
                    },
                    "config_rotate_mode": "CLOCK_HOUR_SMOOTH",
                    "viewgroup_items": [
                      {
                        "internal_type": "ShapeModule",
                        "shape_type": "CIRCLE",
                        "shape_width": 8,
                        "paint_mode": "CLEAR"
                      }
                    ]
                  },
                  {
                    "internal_type": "OverlapLayerModule",
                    "internal_title": "Minute Mark",
                    "position_padding_bottom": 291,
                    "internal_toggles": {
                      "config_rotate_offset": 0
                    },
                    "internal_formulas": {
                      "config_rotate_offset": "$360\/(60)*(df(s))$"
                    },
                    "config_rotate_mode": "CLOCK_MINUTE_SMOOTH",
                    "viewgroup_items": [
                      {
                        "internal_type": "ShapeModule",
                        "shape_type": "CIRCLE",
                        "shape_width": 8,
                        "paint_mode": "CLEAR"
                      }
                    ]
                  },
                  {
                    "internal_type": "OverlapLayerModule",
                    "internal_title": "Seconds Mark",
                    "internal_toggles": {
                      "config_rotate_offset": 10
                    },
                    "internal_formulas": {
                      "config_rotate_offset": "$360\/60*df(s)$"
                    },
                    "position_padding_bottom": 280,
                    "config_rotate_mode": "MANUAL",
                    "viewgroup_items": [
                      {
                        "internal_type": "ShapeModule",
                        "shape_type": "CIRCLE",
                        "shape_width": 50,
                        "paint_mode": "CLEAR"
                      },
                      {
                        "internal_type": "ShapeModule",
                        "shape_type": "CIRCLE",
                        "shape_width": 40,
                        "internal_toggles": {
                          "paint_color": 100
                        },
                        "internal_globals": {
                          "paint_color": "barfg"
                        },
                        "paint_style": "STROKE",
                        "paint_stroke": 5
                      },
                      {
                        "internal_type": "TextModule",
                        "internal_toggles": {
                          "paint_color": 100,
                          "text_family": 100
                        },
                        "internal_globals": {
                          "paint_color": "text1",
                          "text_family": "textf"
                        },
                        "text_expression": "$df(s)$",
                        "text_family": "kfile:\/\/org.kustom.provider\/fonts\/Roboto-Light.ttf"
                      }
                    ]
                  },
                  {
                    "internal_type": "StackLayerModule",
                    "config_stacking": "VERTICAL_CENTER",
                    "viewgroup_items": [
                      {
                        "internal_type": "StackLayerModule",
                        "config_stacking": "HORIZONTAL_BOTTOM",
                        "viewgroup_items": [
                          {
                            "internal_type": "TextModule",
                            "text_expression": "$tc(low,df(A))$",
                            "text_size": 30,
                            "text_family": "kfile:\/\/org.kustom.provider\/fonts\/Roboto-Thin.ttf",
                            "internal_toggles": {
                              "paint_color": 100,
                              "text_family": 100
                            },
                            "internal_globals": {
                              "paint_color": "text2",
                              "text_family": "textf"
                            }
                          },
                          {
                            "internal_type": "TextModule",
                            "text_expression": "$df(h)$",
                            "text_size": 90,
                            "text_family": "kfile:\/\/org.kustom.provider\/fonts\/Roboto-Thin.ttf",
                            "internal_toggles": {
                              "text_family": 100,
                              "paint_color": 100
                            },
                            "internal_globals": {
                              "text_family": "textf",
                              "paint_color": "text1"
                            }
                          },
                          {
                            "internal_type": "TextModule",
                            "text_expression": "h",
                            "text_size": 30,
                            "text_family": "kfile:\/\/org.kustom.provider\/fonts\/Roboto-Thin.ttf",
                            "internal_toggles": {
                              "paint_color": 100,
                              "text_family": 100
                            },
                            "internal_globals": {
                              "paint_color": "text2",
                              "text_family": "textf"
                            }
                          }
                        ]
                      },
                      {
                        "internal_type": "StackLayerModule",
                        "config_stacking": "HORIZONTAL_BOTTOM",
                        "viewgroup_items": [
                          {
                            "internal_type": "TextModule",
                            "text_expression": "$tc(low,df(m))$",
                            "text_size": 100,
                            "text_family": "kfile:\/\/org.kustom.provider\/fonts\/Roboto-Thin.ttf",
                            "internal_toggles": {
                              "paint_color": 100,
                              "text_family": 100
                            },
                            "internal_globals": {
                              "paint_color": "text1",
                              "text_family": "textf"
                            }
                          },
                          {
                            "internal_type": "TextModule",
                            "text_expression": "m",
                            "text_size": 30,
                            "text_family": "kfile:\/\/org.kustom.provider\/fonts\/Roboto-Thin.ttf",
                            "internal_toggles": {
                              "paint_color": 100,
                              "text_family": 100
                            },
                            "internal_globals": {
                              "paint_color": "text2",
                              "text_family": "textf"
                            }
                          }
                        ]
                      }
                    ]
                  }
                ]
              },
              {
                "internal_type": "KomponentModule",
                "globals_list": {
                  "barfg": {
                    "index": 1,
                    "type": "COLOR",
                    "title": "BarFg",
                    "value": "#FFDF6D00",
                    "toggles": 100,
                    "global": "barfg"
                  },
                  "barbg": {
                    "index": 2,
                    "type": "COLOR",
                    "title": "BarBg",
                    "value": "#FFA8A8A8",
                    "toggles": 100,
                    "global": "barbg"
                  },
                  "text1": {
                    "index": 3,
                    "type": "COLOR",
                    "title": "Text1",
                    "value": "#FFFFFFFF",
                    "toggles": 100,
                    "global": "text1"
                  },
                  "text2": {
                    "index": 4,
                    "type": "COLOR",
                    "title": "Text2",
                    "value": "#FFDF8D3F",
                    "toggles": 100,
                    "global": "text2"
                  },
                  "textf": {
                    "index": 5,
                    "type": "FONT",
                    "title": "TextF",
                    "value": "kfile:\/\/org.kustom.provider\/fonts\/Roboto-Thin.ttf",
                    "toggles": 100,
                    "global": "textf"
                  }
                },
                "internal_title": "DayDate",
                "viewgroup_items": [
                  {
                    "internal_type": "ShapeModule",
                    "internal_toggles": {
                      "shape_angle": 10,
                      "shape_rotate_offset": 0,
                      "paint_color": 100
                    },
                    "internal_formulas": {
                      "shape_angle": "$360\/(356)*(df(D))$",
                      "shape_rotate_offset": "$180+360\/(24*60*60)*(ai(sunrise)-dp(h0m0s0))$"
                    },
                    "shape_type": "SLICE",
                    "shape_width": 300,
                    "shape_angle": 62,
                    "internal_title": "WeekOn",
                    "shape_rotate_mode": "MANUAL",
                    "internal_globals": {
                      "paint_color": "barfg"
                    },
                    "shape_height": 10
                  },
                  {
                    "internal_type": "ShapeModule",
                    "internal_toggles": {
                      "shape_angle": 10,
                      "shape_rotate_offset": 10,
                      "paint_color": 100
                    },
                    "internal_formulas": {
                      "shape_angle": "$360\/(356)*(356-df(D))$",
                      "shape_rotate_offset": "$360\/(356)*(df(D))$"
                    },
                    "shape_type": "SLICE",
                    "shape_width": 300,
                    "shape_angle": 62,
                    "internal_title": "WeekOf",
                    "shape_rotate_mode": "MANUAL",
                    "paint_color": "#FFBDBDBD",
                    "internal_globals": {
                      "paint_color": "barbg"
                    },
                    "shape_height": 10
                  },
                  {
                    "internal_type": "OverlapLayerModule",
                    "internal_title": "Now Mark",
                    "position_padding_bottom": 291,
                    "internal_toggles": {
                      "config_rotate_offset": 10
                    },
                    "internal_formulas": {
                      "config_rotate_offset": "$360\/(24*60*60)*(dp()-dp(h0m0s0))$"
                    },
                    "config_rotate_mode": "MANUAL",
                    "viewgroup_items": [
                      {
                        "internal_type": "ShapeModule",
                        "shape_type": "CIRCLE",
                        "shape_width": 8,
                        "paint_mode": "CLEAR"
                      }
                    ]
                  },
                  {
                    "internal_type": "OverlapLayerModule",
                    "internal_title": "Sunrise Mark",
                    "internal_toggles": {
                      "config_rotate_offset": 10
                    },
                    "internal_formulas": {
                      "config_rotate_offset": "$360\/(356)*(df(D))$"
                    },
                    "position_padding_bottom": 280,
                    "config_rotate_mode": "MANUAL",
                    "viewgroup_items": [
                      {
                        "internal_type": "ShapeModule",
                        "shape_type": "CIRCLE",
                        "shape_width": 50,
                        "paint_mode": "CLEAR"
                      },
                      {
                        "internal_type": "ShapeModule",
                        "shape_type": "CIRCLE",
                        "shape_width": 40,
                        "internal_toggles": {
                          "paint_color": 100
                        },
                        "internal_globals": {
                          "paint_color": "barfg"
                        },
                        "paint_style": "STROKE",
                        "paint_stroke": 5
                      },
                      {
                        "internal_type": "TextModule",
                        "internal_toggles": {
                          "paint_color": 100,
                          "text_family": 100
                        },
                        "internal_globals": {
                          "paint_color": "text1",
                          "text_family": "textf"
                        },
                        "text_expression": "w",
                        "text_family": "kfile:\/\/org.kustom.provider\/fonts\/Roboto-Light.ttf",
                        "position_padding_bottom": 25,
                        "text_size": 10
                      },
                      {
                        "internal_type": "TextModule",
                        "internal_toggles": {
                          "paint_color": 100,
                          "text_family": 100
                        },
                        "internal_globals": {
                          "paint_color": "text1",
                          "text_family": "textf"
                        },
                        "text_expression": "$df(w)$",
                        "text_family": "kfile:\/\/org.kustom.provider\/fonts\/Roboto-Light.ttf"
                      }
                    ]
                  },
                  {
                    "internal_type": "StackLayerModule",
                    "config_stacking": "VERTICAL_CENTER",
                    "viewgroup_items": [
                      {
                        "internal_type": "StackLayerModule",
                        "config_stacking": "HORIZONTAL_BOTTOM",
                        "viewgroup_items": [
                          {
                            "internal_type": "TextModule",
                            "text_expression": "$tc(low,df(EEEE))$",
                            "text_size": 30,
                            "text_family": "kfile:\/\/org.kustom.provider\/fonts\/Roboto-Thin.ttf",
                            "internal_toggles": {
                              "paint_color": 100,
                              "text_family": 100
                            },
                            "internal_globals": {
                              "paint_color": "text2",
                              "text_family": "textf"
                            }
                          },
                          {
                            "internal_type": "TextModule",
                            "text_expression": "$df(d)$",
                            "text_size": 70,
                            "text_family": "kfile:\/\/org.kustom.provider\/fonts\/Roboto-Thin.ttf",
                            "internal_toggles": {
                              "text_family": 100,
                              "paint_color": 100
                            },
                            "internal_globals": {
                              "text_family": "textf",
                              "paint_color": "text1"
                            }
                          }
                        ]
                      },
                      {
                        "internal_type": "StackLayerModule",
                        "config_stacking": "HORIZONTAL_BOTTOM",
                        "viewgroup_items": [
                          {
                            "internal_type": "TextModule",
                            "text_expression": "$tc(low,df(MMM))$",
                            "text_size": 70,
                            "text_family": "kfile:\/\/org.kustom.provider\/fonts\/Roboto-Thin.ttf",
                            "internal_toggles": {
                              "paint_color": 100,
                              "text_family": 100
                            },
                            "internal_globals": {
                              "paint_color": "text1",
                              "text_family": "textf"
                            }
                          },
                          {
                            "internal_type": "TextModule",
                            "text_expression": "$df(yyyy)$",
                            "text_size": 30,
                            "text_family": "kfile:\/\/org.kustom.provider\/fonts\/Roboto-Thin.ttf",
                            "internal_toggles": {
                              "paint_color": 100,
                              "text_family": 100
                            },
                            "internal_globals": {
                              "paint_color": "text2",
                              "text_family": "textf"
                            }
                          }
                        ]
                      }
                    ]
                  }
                ]
              }
            ]
          }
        ]
      }
    ]
  }
}