{
  "preset_info": {
    "archive": "kfile://org.kustom.sdcard.000/widgets/VerticalMonth.kwgt.zip/",
    "author": "Kustom Industries ",
    "description": "Current calendar spanning vertically",
    "email": "",
    "title": "VerticalMonth",
    "version": 8
  },
  "preset_root": {
    "internal_type": "RootLayerModule",
    "background_type": "SOLID",
    "internal_events": [
      {
        "action": "KUSTOM_ACTION"
      }
    ],
    "config_scale_value": 125.0,
    "viewgroup_items": [
      {
        "internal_type": "TextModule",
        "position_offset_x": -60.0,
        "position_offset_y": -4.0,
        "text_expression": "$df(yyyy)$",
        "text_rotate_mode": "DEG270",
        "text_family": "kfile://org.kustom.provider/fonts/Roboto-Thin.ttf",
        "text_size": 520.0,
        "paint_color": "#0BFFFFFF",
        "internal_title": "Year",
        "position_anchor": "BOTTOMLEFT"
      },
      {
        "internal_type": "TextModule",
        "position_offset_x": 0.0,
        "position_offset_y": 10.0,
        "text_expression": "$tc(up, df(MMMM))$",
        "text_rotate_mode": "DEG270",
        "text_family": "kfile://org.kustom.provider/fonts/Roboto-Thin.ttf",
        "internal_title": "Month",
        "position_anchor": "BOTTOMLEFT",
        "text_size": 100.0
      },
      {
        "internal_type": "SeriesModule",
        "series_series": "DAY_OF_MONTH_SHORT",
        "series_rotate_mode": "DEG90",
        "style_spacing": 1.0,
        "style_tsize": 50.0,
        "style_tfamily": "kfile://org.kustom.provider/fonts/Roboto-Thin.ttf",
        "style_gmode": "CURRENT",
        "style_grow": 15.0,
        "style_rotate": 270.0,
        "color_color": "CURRENT",
        "internal_title": "Calendar",
        "position_anchor": "BOTTOMLEFT",
        "position_offset_x": 80.0,
        "position_offset_y": 15.0,
        "style_align": "LEFT"
      }
    ]
  }
}