{
  "preset_info": {
    "version": 3,
    "title": "CpuAndMem",
    "description": "Template with 3 circular components to show CPU, Memory and Battery plus date and clock. Font and colors configurable, gauges are single komponents.",
    "author": "",
    "email": ""
  },
  "preset_root": {
    "internal_type": "RootLayerModule",
    "background_type": "SOLID",
    "position_padding_top": 180,
    "background_bitmap": "kfile:\/\/org.kustom.provider\/bitmaps\/IMG588a442b52675e6b187d75ab6a375318",
    "background_color": "#FF006686",
    "globals_list": {
      "font": {
        "type": "FONT",
        "title": "Font",
        "index": 1,
        "value": "kfile:\/\/org.kustom.provider\/fonts\/Roboto-Black.ttf"
      },
      "text1": {
        "type": "COLOR",
        "title": "Text1",
        "index": 1,
        "value": "#FFFFAB00"
      },
      "text2": {
        "type": "COLOR",
        "title": "Text2",
        "index": 2,
        "value": "#78FFFFFF"
      },
      "barsize": {
        "type": "NUMBER",
        "title": "BarSize",
        "index": 3,
        "value": 40
      },
      "baron1": {
        "type": "COLOR",
        "title": "BarOn1",
        "index": 4,
        "value": "#CEFFFFFF"
      },
      "baron2": {
        "type": "COLOR",
        "title": "BarOn2",
        "index": 5,
        "value": "#A4FFFFFF"
      },
      "baroff": {
        "type": "COLOR",
        "title": "BarOff",
        "index": 6,
        "value": "#34FFFFFF"
      }
    },
    "viewgroup_items": [
      {
        "internal_type": "OverlapLayerModule",
        "internal_title": "Date",
        "position_anchor": "TOPLEFT",
        "viewgroup_items": [
          {
            "internal_type": "TextModule",
            "internal_toggles": {
              "text_family": 100,
              "paint_color": 100
            },
            "internal_globals": {
              "text_family": "font",
              "paint_color": "text1"
            },
            "position_anchor": "TOPLEFT",
            "text_expression": "$tc(up, df(MMMM))$",
            "text_size": 44,
            "position_padding_left": 9,
            "position_padding_top": 2,
            "fx_shadow_distance": 3.5116603
          },
          {
            "internal_type": "TextModule",
            "internal_toggles": {
              "text_family": 100,
              "paint_color": 100
            },
            "internal_globals": {
              "text_family": "font",
              "paint_color": "text1"
            },
            "position_anchor": "TOPLEFT",
            "text_expression": "$df(dd)$",
            "text_size": 133,
            "position_padding_left": 60,
            "position_padding_top": 26,
            "fx_shadow_distance": 3.5116603
          },
          {
            "internal_type": "TextModule",
            "internal_toggles": {
              "text_family": 100,
              "paint_color": 100
            },
            "internal_globals": {
              "text_family": "font",
              "paint_color": "text1"
            },
            "position_anchor": "TOPLEFT",
            "text_expression": "$tc(up, df(EEE))$",
            "text_size": 52,
            "position_padding_top": 50,
            "text_rotate_mode": "DEG90",
            "fx_shadow_distance": 3.5116603
          }
        ]
      },
      {
        "internal_type": "StackLayerModule",
        "internal_title": "Monitors",
        "position_anchor": "TOPRIGHT",
        "config_scale_mode": "PROPORTIONAL",
        "config_scale_value": 51,
        "config_stacking": "HORIZONTAL_CENTER",
        "viewgroup_items": [
          {
            "internal_type": "OverlapLayerModule",
            "internal_title": "Cpu",
            "viewgroup_items": [
              {
                "internal_type": "OverlapLayerModule",
                "config_scale_value": 50,
                "position_padding_top": 4,
                "viewgroup_items": [
                  {
                    "internal_type": "ShapeModule",
                    "internal_title": "Sys",
                    "internal_toggles": {
                      "shape_angle": 10,
                      "paint_color": 100,
                      "shape_height": 100
                    },
                    "internal_formulas": {
                      "shape_angle": "$360\/100*rm(csys)$"
                    },
                    "shape_type": "SLICE",
                    "shape_width": 300,
                    "shape_height": 40,
                    "internal_globals": {
                      "paint_color": "baron1",
                      "shape_height": "barsize"
                    },
                    "position_padding_top": 4,
                    "fx_shadow_distance": 391.31027
                  },
                  {
                    "internal_type": "ShapeModule",
                    "internal_toggles": {
                      "shape_angle": 10,
                      "shape_rotate_offset": 10,
                      "paint_color": 100,
                      "shape_height": 100
                    },
                    "internal_formulas": {
                      "shape_angle": "$360\/100*rm(cusr)$",
                      "shape_rotate_offset": "$360\/100*rm(csys)$"
                    },
                    "shape_type": "SLICE",
                    "shape_width": 300,
                    "shape_height": 40,
                    "internal_title": "Usr",
                    "shape_rotate_mode": "MANUAL",
                    "paint_color": "#D4FFFFFF",
                    "internal_globals": {
                      "paint_color": "baron2",
                      "shape_height": "barsize"
                    },
                    "position_padding_top": 4,
                    "fx_shadow_distance": 391.31027
                  },
                  {
                    "internal_type": "ShapeModule",
                    "internal_toggles": {
                      "shape_angle": 10,
                      "shape_rotate_offset": 10,
                      "paint_color": 100,
                      "shape_height": 100
                    },
                    "internal_formulas": {
                      "shape_angle": "$360\/100*rm(cidle)$",
                      "shape_rotate_offset": "$360\/100*rm(cused)$"
                    },
                    "shape_type": "SLICE",
                    "shape_width": 300,
                    "shape_height": 40,
                    "shape_rotate_mode": "MANUAL",
                    "paint_color": "#3AFFFFFF",
                    "internal_title": "Idle",
                    "internal_globals": {
                      "paint_color": "baroff",
                      "shape_height": "barsize"
                    },
                    "position_padding_top": 4,
                    "fx_shadow_distance": 391.31027
                  }
                ]
              },
              {
                "internal_type": "TextModule",
                "text_expression": "CPU",
                "text_size": 60,
                "text_family": "kfile:\/\/org.kustom.provider\/fonts\/Roboto-Bold.ttf",
                "internal_toggles": {
                  "text_family": 100,
                  "paint_color": 100
                },
                "internal_globals": {
                  "text_family": "font",
                  "paint_color": "text2"
                },
                "position_padding_bottom": 75,
                "position_padding_top": 4,
                "fx_shadow_distance": 391.31027
              },
              {
                "internal_type": "TextModule",
                "internal_toggles": {
                  "text_family": 100,
                  "paint_color": 100
                },
                "internal_globals": {
                  "text_family": "font",
                  "paint_color": "text2"
                },
                "position_padding_top": 40,
                "text_expression": "$rm(cused)$%",
                "text_size": 77,
                "text_family": "kfile:\/\/org.kustom.provider\/fonts\/Roboto-Bold.ttf",
                "fx_shadow_distance": 391.31027
              }
            ]
          },
          {
            "internal_type": "OverlapLayerModule",
            "internal_title": "Mem",
            "position_padding_left": 30,
            "viewgroup_items": [
              {
                "internal_type": "OverlapLayerModule",
                "config_scale_value": 50,
                "position_padding_top": 4,
                "viewgroup_items": [
                  {
                    "internal_type": "ShapeModule",
                    "internal_title": "Used",
                    "internal_toggles": {
                      "shape_angle": 10,
                      "paint_color": 100,
                      "shape_height": 100
                    },
                    "internal_formulas": {
                      "shape_angle": "$360\/rm(mtot)*(rm(mtot)-rm(mfree))$"
                    },
                    "shape_type": "SLICE",
                    "shape_width": 300,
                    "shape_height": 40,
                    "internal_globals": {
                      "paint_color": "baron1",
                      "shape_height": "barsize"
                    },
                    "position_padding_top": 4,
                    "fx_shadow_distance": 391.31027
                  },
                  {
                    "internal_type": "ShapeModule",
                    "internal_toggles": {
                      "shape_angle": 10,
                      "shape_rotate_offset": 10,
                      "paint_color": 100,
                      "shape_height": 100
                    },
                    "internal_formulas": {
                      "shape_angle": "$360\/rm(mtot)*rm(mfree)$",
                      "shape_rotate_offset": "$360\/rm(mtot)*(rm(mtot)-rm(mfree))$"
                    },
                    "shape_type": "SLICE",
                    "shape_width": 300,
                    "shape_height": 40,
                    "internal_title": "Free",
                    "shape_rotate_mode": "MANUAL",
                    "paint_color": "#D4FFFFFF",
                    "internal_globals": {
                      "paint_color": "baroff",
                      "shape_height": "barsize"
                    },
                    "position_padding_top": 4,
                    "fx_shadow_distance": 391.31027
                  }
                ]
              },
              {
                "internal_type": "TextModule",
                "text_expression": "MEM",
                "text_size": 60,
                "text_family": "kfile:\/\/org.kustom.provider\/fonts\/Roboto-Bold.ttf",
                "internal_toggles": {
                  "text_family": 100,
                  "paint_color": 100
                },
                "internal_globals": {
                  "text_family": "font",
                  "paint_color": "text2"
                },
                "position_padding_bottom": 75,
                "position_padding_top": 4,
                "fx_shadow_distance": 391.31027
              },
              {
                "internal_type": "TextModule",
                "internal_toggles": {
                  "text_family": 100,
                  "paint_color": 100
                },
                "internal_globals": {
                  "text_family": "font",
                  "paint_color": "text2"
                },
                "position_padding_top": 40,
                "text_expression": "$mu(round, 100\/rm(mtot)*(rm(mtot)-rm(mfree)))$%",
                "text_size": 77,
                "text_family": "kfile:\/\/org.kustom.provider\/fonts\/Roboto-Bold.ttf",
                "fx_shadow_distance": 391.31027
              }
            ]
          },
          {
            "internal_type": "OverlapLayerModule",
            "internal_title": "Battery",
            "position_padding_left": 30,
            "viewgroup_items": [
              {
                "internal_type": "OverlapLayerModule",
                "config_scale_value": 50,
                "position_padding_top": 4,
                "viewgroup_items": [
                  {
                    "internal_type": "ShapeModule",
                    "internal_title": "Available",
                    "internal_toggles": {
                      "shape_angle": 10,
                      "paint_color": 100,
                      "shape_height": 100
                    },
                    "internal_formulas": {
                      "shape_angle": "$360\/100*bi(level)$"
                    },
                    "shape_type": "SLICE",
                    "shape_width": 300,
                    "shape_height": 40,
                    "internal_globals": {
                      "paint_color": "baron1",
                      "shape_height": "barsize"
                    },
                    "position_padding_top": 4,
                    "fx_shadow_distance": 391.31027
                  },
                  {
                    "internal_type": "ShapeModule",
                    "internal_toggles": {
                      "shape_angle": 10,
                      "shape_rotate_offset": 10,
                      "paint_color": 100,
                      "shape_height": 100
                    },
                    "internal_formulas": {
                      "shape_angle": "$360\/100*(100-bi(level))$",
                      "shape_rotate_offset": "$360\/100*bi(level)$"
                    },
                    "shape_type": "SLICE",
                    "shape_width": 300,
                    "shape_height": 40,
                    "internal_title": "Discharged",
                    "shape_rotate_mode": "MANUAL",
                    "paint_color": "#D4FFFFFF",
                    "internal_globals": {
                      "paint_color": "baroff",
                      "shape_height": "barsize"
                    },
                    "position_padding_top": 4,
                    "fx_shadow_distance": 391.31027
                  }
                ]
              },
              {
                "internal_type": "TextModule",
                "text_expression": "BAT",
                "text_size": 60,
                "text_family": "kfile:\/\/org.kustom.provider\/fonts\/Roboto-Bold.ttf",
                "internal_toggles": {
                  "text_family": 100,
                  "paint_color": 100
                },
                "internal_globals": {
                  "text_family": "font",
                  "paint_color": "text2"
                },
                "position_padding_bottom": 75,
                "position_padding_top": 4,
                "fx_shadow_distance": 391.31027
              },
              {
                "internal_type": "TextModule",
                "internal_toggles": {
                  "text_family": 100,
                  "paint_color": 100
                },
                "internal_globals": {
                  "text_family": "font",
                  "paint_color": "text2"
                },
                "position_padding_top": 40,
                "text_expression": "$bi(level)$%",
                "text_size": 77,
                "text_family": "kfile:\/\/org.kustom.provider\/fonts\/Roboto-Bold.ttf",
                "fx_shadow_distance": 391.31027
              }
            ]
          }
        ]
      },
      {
        "internal_type": "OverlapLayerModule",
        "position_anchor": "TOPRIGHT",
        "internal_title": "Clock",
        "position_offset_y": 151,
        "position_offset_x": 5,
        "viewgroup_items": [
          {
            "internal_type": "TextModule",
            "internal_toggles": {
              "text_family": 100,
              "paint_color": 100
            },
            "internal_globals": {
              "text_family": "font",
              "paint_color": "text1"
            },
            "position_anchor": "TOPRIGHT",
            "text_expression": "$df(h:mm)$",
            "text_size": 112,
            "paint_color": "#11FFFFFF",
            "fx_shadow_distance": 3.5116603
          },
          {
            "internal_type": "TextModule",
            "internal_toggles": {
              "text_family": 100,
              "paint_color": 100
            },
            "internal_globals": {
              "text_family": "font",
              "paint_color": "text1"
            },
            "position_anchor": "TOPRIGHT",
            "text_expression": "$df(a)$",
            "text_size": 33,
            "paint_color": "#11FFFFFF",
            "position_padding_right": 5,
            "position_padding_top": 107,
            "fx_shadow_distance": 3.5116603
          }
        ]
      },
      {
        "internal_type": "OverlapLayerModule",
        "position_anchor": "TOPLEFT",
        "internal_title": "Misc",
        "position_offset_y": 152,
        "viewgroup_items": [
          {
            "internal_type": "TextModule",
            "internal_toggles": {
              "text_family": 100,
              "paint_color": 100
            },
            "internal_globals": {
              "text_family": "font",
              "paint_color": "text2"
            },
            "position_anchor": "TOPLEFT",
            "text_expression": "$nc(dtype)$",
            "text_size": 39,
            "paint_color": "#A1FFFFFF",
            "position_padding_left": 10,
            "fx_shadow_distance": 3.5116603
          },
          {
            "internal_type": "TextModule",
            "internal_toggles": {
              "text_family": 100,
              "paint_color": 100
            },
            "internal_globals": {
              "text_family": "font",
              "paint_color": "text2"
            },
            "position_anchor": "TOPLEFT",
            "text_expression": "$tc(up, \"Alarm \" + if(si(alarmon), tf(si(alarmd)), \"not set\"))$",
            "text_size": 26,
            "paint_color": "#A1FFFFFF",
            "position_padding_left": 10,
            "position_padding_top": 40,
            "fx_shadow_distance": 3.5116603
          }
        ]
      }
    ]
  }
}