{
  "preset_info": {
    "author": "",
    "description": "Analog clock with dynamic blur background, date and weather information",
    "email": "",
    "title": "BlurClock",
    "version": 5
  },
  "preset_root": {
    "internal_type": "RootLayerModule",
    "background_type": "IMAGE",
    "background_color": "#FF3E424F",
    "globals_list": {
      "text": {
        "index": 13,
        "type": "FONT",
        "title": "text",
        "value": "kfile:\/\/org.kustom.provider\/fonts\/RobotoCondensed-Light.ttf"
      },
      "textc": {
        "index": 14,
        "type": "COLOR",
        "title": "textc",
        "value": "#FFECECEC"
      }
    },
    "background_bitmap": "kfile:\/\/org.kustom.provider\/bitmaps\/IMGaa85e837080767e20e76d6b5cc699271",
    "viewgroup_items": [
      {
        "internal_type": "ShapeModule",
        "position_offset_y": 310,
        "shape_type": "RECT",
        "shape_width": 720,
        "fx_bitmap_blur": 20,
        "fx_mask": "BLURRED",
        "internal_title": "Rect blur",
        "internal_animations": {
          "9f4e85e1d83b4477": {
            "type": "SCROLL",
            "action": "FADE_INVERTED"
          },
          "c774ae50ddfd4a53": {
            "type": "SCROLL",
            "action": "COLOR_INVERTED",
            "filter": "DARKEN",
            "speed": 10,
            "amount": 20
          }
        },
        "shape_height": 144
      },
      {
        "internal_type": "ShapeModule",
        "position_offset_y": 187,
        "shape_type": "CIRCLE",
        "shape_width": 390,
        "fx_bitmap_blur": 15,
        "fx_mask": "BLURRED",
        "internal_title": "Circle blur",
        "internal_animations": {
          "d7539b4139744bb1": {
            "type": "SCROLL",
            "action": "SCALE",
            "amount": 66
          },
          "ee234342c2324086": {
            "type": "SCROLL",
            "anchor": "MODULE_LEFT",
            "amount": 66,
            "limit": 275
          },
          "716308b6a6de4751": {
            "type": "SCROLL",
            "action": "FADE"
          }
        },
        "shape_height": 720
      },
      {
        "internal_type": "KomponentModule",
        "globals_list": {
          "hrhand": {
            "index": 2,
            "type": "COLOR",
            "title": "hrhand",
            "value": "#DBFFFFFF",
            "global": "textc",
            "toggles": 100
          },
          "minhand": {
            "index": 3,
            "type": "COLOR",
            "title": "minhand",
            "value": "#DBFFFFFF",
            "global": "textc",
            "toggles": 100
          },
          "sechand": {
            "index": 4,
            "type": "COLOR",
            "title": "sechand",
            "value": "#DBFFFFFF",
            "global": "textc",
            "toggles": 100
          },
          "border": {
            "index": 5,
            "type": "COLOR",
            "title": "border",
            "toggles": 100,
            "global": "textc"
          }
        },
        "internal_title": "Clock",
        "internal_author_email": "stylishdroidhk@gmail.com",
        "internal_author_name": "AXT",
        "internal_animations": {
          "e77bf9d67d8847fb": {
            "type": "SCROLL",
            "action": "SCALE",
            "amount": 66
          },
          "11cf673f95444c64": {
            "type": "SCROLL",
            "anchor": "MODULE_LEFT",
            "amount": 66,
            "limit": 275
          }
        },
        "position_offset_y": 134,
        "viewgroup_items": [
          {
            "internal_type": "ShapeModule",
            "internal_title": "Border",
            "internal_toggles": {
              "paint_color": 100
            },
            "internal_globals": {
              "paint_color": "border"
            },
            "shape_type": "CIRCLE",
            "shape_width": 390,
            "paint_style": "STROKE",
            "paint_stroke": 5,
            "shape_height": 1
          },
          {
            "config_rotate_mode": "CLOCK_SECOND",
            "internal_type": "OverlapLayerModule",
            "config_rotate_offset": 1,
            "position_padding_bottom": 144,
            "internal_title": "Second hand",
            "viewgroup_items": [
              {
                "shape_width": 201,
                "position_padding_top": 70,
                "shape_rotate_offset": 270,
                "position_padding_left": 15,
                "paint_color": "#FFFF0032",
                "internal_type": "ShapeModule",
                "shape_height": 4,
                "position_padding_right": 15,
                "position_padding_bottom": 80,
                "internal_toggles": {
                  "paint_color": 100
                },
                "shape_rotate_mode": "MANUAL",
                "internal_globals": {
                  "paint_color": "sechand"
                },
                "shape_type": "RECT",
                "fx_shadow_direction": 170
              }
            ]
          },
          {
            "config_rotate_mode": "CLOCK_MINUTE",
            "internal_type": "OverlapLayerModule",
            "config_rotate_offset": 1,
            "position_padding_bottom": 140,
            "internal_title": "Minutes hand",
            "viewgroup_items": [
              {
                "shape_width": 180,
                "position_padding_top": 15,
                "shape_rotate_offset": 270,
                "position_padding_left": 15,
                "paint_color": "#FF2C2C2C",
                "internal_type": "ShapeModule",
                "shape_height": 12,
                "position_padding_right": 15,
                "position_padding_bottom": 15,
                "internal_toggles": {
                  "paint_color": 100
                },
                "shape_rotate_mode": "MANUAL",
                "fx_shadow_color": "#1D000000",
                "internal_globals": {
                  "paint_color": "minhand"
                },
                "shape_type": "RECT",
                "fx_shadow_direction": 133,
                "fx_shadow_blur": 1,
                "fx_shadow_distance": 3
              }
            ]
          },
          {
            "config_rotate_mode": "CLOCK_HOUR_SMOOTH",
            "internal_type": "OverlapLayerModule",
            "position_padding_bottom": 163,
            "internal_title": "Hours hand",
            "viewgroup_items": [
              {
                "shape_width": 137,
                "position_padding_top": 75,
                "shape_rotate_offset": 270,
                "position_padding_left": 15,
                "paint_color": "#FF2E2E2E",
                "internal_type": "ShapeModule",
                "shape_height": 12,
                "position_padding_right": 15,
                "position_padding_bottom": 15,
                "internal_toggles": {
                  "paint_color": 100
                },
                "shape_rotate_mode": "MANUAL",
                "fx_shadow_color": "#1D000000",
                "internal_globals": {
                  "paint_color": "hrhand"
                },
                "shape_type": "RECT",
                "fx_shadow_direction": 133,
                "fx_shadow_blur": 1,
                "fx_shadow_distance": 3
              }
            ]
          },
          {
            "internal_type": "ShapeModule",
            "internal_title": "Center",
            "internal_toggles": {
              "paint_color": 100
            },
            "internal_globals": {
              "paint_color": "border"
            },
            "shape_type": "CIRCLE",
            "shape_width": 28,
            "paint_stroke": 10,
            "shape_height": 1,
            "shape_rotate_mode": "CLOCK_MINUTE_SMOOTH"
          },
          {
            "internal_type": "ShapeModule",
            "internal_title": "Transparent BG",
            "shape_type": "RECT",
            "shape_width": 720,
            "paint_color": "#00000000"
          }
        ]
      },
      {
        "internal_type": "OverlapLayerModule",
        "internal_title": "Left date and clock",
        "internal_animations": {
          "57806e061c1e44e4": {
            "type": "SCROLL",
            "action": "FADE",
            "rule": "BEFORE_CENTER"
          }
        },
        "position_offset_x": 20,
        "position_offset_y": 309,
        "position_anchor": "TOPLEFT",
        "viewgroup_items": [
          {
            "internal_type": "TextModule",
            "internal_toggles": {
              "text_family": 100,
              "paint_color": 100
            },
            "internal_globals": {
              "text_family": "text",
              "paint_color": "textc"
            },
            "text_expression": "$tc(up, df(EEEE))$",
            "text_size": 60,
            "text_family": "kfile:\/\/org.kustom.provider\/fonts\/RobotoSlab-Thin.ttf",
            "position_anchor": "TOPLEFT"
          },
          {
            "internal_type": "TextModule",
            "internal_toggles": {
              "text_family": 100,
              "paint_color": 100
            },
            "internal_globals": {
              "text_family": "text",
              "paint_color": "textc"
            },
            "text_expression": "$if(si(alarmon), \"ALARM \" + tc(up, df(\"EEE hh:mm\", si(alarmd))), NO ALARM)$",
            "text_size": 33,
            "text_family": "kfile:\/\/org.kustom.provider\/fonts\/RobotoSlab-Thin.ttf",
            "position_padding_top": 58,
            "position_anchor": "TOPLEFT",
            "position_padding_left": 2
          },
          {
            "internal_type": "TextModule",
            "internal_toggles": {
              "text_family": 100,
              "paint_color": 100
            },
            "internal_globals": {
              "text_family": "text",
              "paint_color": "textc"
            },
            "text_expression": "$tc(up, df(MMMM d) + tc(ord, df(d)))$",
            "text_size": 58,
            "text_family": "kfile:\/\/org.kustom.provider\/fonts\/RobotoSlab-Thin.ttf",
            "position_padding_top": 85,
            "position_anchor": "TOPLEFT"
          }
        ]
      },
      {
        "internal_type": "OverlapLayerModule",
        "internal_title": "Right weather",
        "internal_animations": {
          "57806e061c1e44e4": {
            "type": "SCROLL",
            "action": "FADE",
            "rule": "AFTER_CENTER"
          }
        },
        "position_offset_x": 20,
        "position_offset_y": 309,
        "position_anchor": "TOPRIGHT",
        "viewgroup_items": [
          {
            "internal_type": "TextModule",
            "internal_toggles": {
              "text_family": 100,
              "paint_color": 100
            },
            "internal_globals": {
              "text_family": "text",
              "paint_color": "textc"
            },
            "position_anchor": "TOPRIGHT",
            "text_expression": "$tc(up, wi(cond))$",
            "text_size": 60,
            "text_family": "kfile:\/\/org.kustom.provider\/fonts\/RobotoSlab-Thin.ttf"
          },
          {
            "internal_type": "TextModule",
            "internal_toggles": {
              "text_family": 100,
              "paint_color": 100
            },
            "internal_globals": {
              "text_family": "text",
              "paint_color": "textc"
            },
            "text_expression": "MIN $wf(min, 0)$°$wi(tempu)$ \/ MAX $wf(max, 0)$°$wi(tempu)$",
            "text_size": 38,
            "text_family": "kfile:\/\/org.kustom.provider\/fonts\/RobotoSlab-Thin.ttf",
            "position_padding_top": 54,
            "position_anchor": "TOPRIGHT",
            "position_padding_right": 2
          },
          {
            "internal_type": "TextModule",
            "internal_toggles": {
              "text_family": 100,
              "paint_color": 100
            },
            "internal_globals": {
              "text_family": "text",
              "paint_color": "textc"
            },
            "text_expression": "$wi(temp)$°$wi(tempu)$",
            "text_size": 53,
            "text_family": "kfile:\/\/org.kustom.provider\/fonts\/RobotoSlab-Thin.ttf",
            "position_padding_top": 85,
            "position_anchor": "TOPRIGHT"
          }
        ]
      }
    ]
  }
}