{
  "preset_info": {
    "archive": "kfile:////",
    "author": "Kustom Industries",
    "description": "Super small digital clock with date and location, useful for world clocks",
    "email": "",
    "title": "MicroTraveller",
    "version": 7
  },
  "preset_root": {
    "internal_type": "RootLayerModule",
    "background_type": "SOLID",
    "config_scale_value": 100.0,
    "globals_list": {
      "bg": {
        "index": 6,
        "type": "COLOR",
        "title": "bg",
        "value": "#FF007979"
      },
      "txt": {
        "index": 7,
        "type": "COLOR",
        "title": "txt",
        "value": "#FFFFFFFF"
      },
      "font": {
        "index": 8,
        "type": "FONT",
        "title": "font",
        "value": "kfile://org.kustom.provider/fonts/Roboto-Bold.ttf"
      }
    },
    "viewgroup_items": [
      {
        "internal_type": "ShapeModule",
        "internal_toggles": {
          "paint_color": 100
        },
        "internal_globals": {
          "paint_color": "bg"
        },
        "shape_type": "SQUARE",
        "shape_width": 680.0,
        "shape_corners": 60.0,
        "fx_shadow": "OUTER",
        "fx_shadow_color": "#64000000",
        "fx_shadow_direction": 0,
        "fx_shadow_distance": 1,
        "fx_shadow_blur": 65,
        "position_anchor": "CENTERLEFT",
        "position_offset_x": 20.0
      },
      {
        "internal_type": "TextModule",
        "internal_toggles": {
          "text_family": 100,
          "paint_color": 100
        },
        "internal_globals": {
          "text_family": "font",
          "paint_color": "txt"
        },
        "position_anchor": "CENTERLEFT",
        "position_offset_x": 50.0,
        "position_offset_y": -220.0,
        "text_expression": "$li(loc)$",
        "text_size": 140.0
      },
      {
        "internal_type": "TextModule",
        "position_anchor": "CENTERLEFT",
        "position_offset_x": 40.0,
        "position_offset_y": 0.0,
        "text_expression": "$df(hh)$[s\u003d.2]:[/s]$df(mm)$[s\u003d.2]$df(a)$[/s]",
        "text_size": 240.0,
        "internal_toggles": {
          "text_family": 100,
          "paint_color": 100
        },
        "internal_globals": {
          "text_family": "font",
          "paint_color": "txt"
        }
      },
      {
        "internal_type": "TextModule",
        "position_anchor": "CENTERLEFT",
        "position_offset_x": 60.0,
        "position_offset_y": 180.0,
        "text_expression": "$df(EEEE)$",
        "text_size": 60.0,
        "internal_toggles": {
          "paint_color": 100,
          "text_family": 100
        },
        "internal_globals": {
          "paint_color": "txt",
          "text_family": "font"
        }
      },
      {
        "internal_type": "TextModule",
        "position_anchor": "CENTERLEFT",
        "position_offset_x": 60.0,
        "position_offset_y": 260.0,
        "text_expression": "$df(MMM d)$$tc(ord, df(d))$ [s\u003d.8]$df(yyyy)$[/s]",
        "text_size": 80.0,
        "internal_toggles": {
          "paint_color": 100,
          "text_family": 100
        },
        "internal_globals": {
          "paint_color": "txt",
          "text_family": "font"
        }
      }
    ]
  }
}