﻿{
  "preset_root": {
    "background_bitmap": "kfile:\/\/org.kustom.provider\/bitmaps\/IMG9040d81cec6d3dc6419f3831d107be82",
    "globals_list": {
      "txtcolor": {
        "type": "COLOR",
        "value": "#FFFFFFFF",
        "index": 1,
        "title": "TxtColor"
      },
      "txtfont": {
        "type": "FONT",
        "value": "kfile:\/\/org.kustom.provider\/fonts\/RobotoSlab-Thin.ttf",
        "index": 3,
        "title": "TxtFont"
      },
      "txtfntls": {
        "type": "FONT",
        "value": "kfile:\/\/org.kustom.provider\/fonts\/RobotoSlab-Thin.ttf",
        "index": 4,
        "title": "TxtFntLS"
      },
      "txtclrls": {
        "type": "COLOR",
        "value": "#FFFFFFFF",
        "index": 2,
        "title": "TxtClrLS"
      }
    },
    "internal_toggles": {
      "background_bitmap": 10,
      "background_color": 10
    },
    "background_type": "SOLID",
    "viewgroup_items": [
      {
        "internal_toggles": {
          "config_visible": 0
        },
        "viewgroup_items": [
          {
            "text_align": "CENTER",
            "text_size": 130,
            "position_padding_top": 200,
            "text_expression": "#$df(hh)$$df(mm)$$df(ss)$",
            "internal_type": "TextModule",
            "text_family": "kfile:\/\/org.kustom.provider\/fonts\/RobotoSlab-Thin.ttf",
            "internal_toggles": {
              "paint_color": 100,
              "text_family": 100
            },
            "internal_globals": {
              "paint_color": "txtcolor",
              "text_family": "txtfont"
            }
          }
        ],
        "config_visible": "IF_PORTRAIT",
        "internal_type": "OverlapLayerModule"
      },
      {
        "viewgroup_items": [
          {
            "text_align": "CENTER",
            "text_size": 130,
            "text_expression": "#$df(hh)$$df(mm)$$df(ss)$",
            "internal_type": "TextModule",
            "text_family": "kfile:\/\/org.kustom.provider\/fonts\/RobotoSlab-Thin.ttf",
            "internal_toggles": {
              "paint_color": 100,
              "text_family": 100
            },
            "internal_globals": {
              "paint_color": "txtclrls",
              "text_family": "txtfntls"
            }
          }
        ],
        "position_anchor": "CENTER",
        "config_visible": "IF_LANDSCAPE",
        "internal_type": "OverlapLayerModule"
      }
    ],
    "internal_formulas": {
      "background_bitmap": "http:\/\/maps.googleapis.com\/maps\/api\/staticmap?center=$li(lat)-(li(lat)%0.001)$,$li(lon)-(li(lon)%0.001)$&zoom=14&size=2160x1920&scale=2&maptype=satellite",
      "background_color": "$df(hh)$$df(mm)$$df(ss)$"
    },
    "internal_type": "RootLayerModule",
    "background_color": "#00FFFFFF"
  },
  "preset_info": {
    "author": "Eric Rösch",
    "title": "#HEXCLOCK",
    "email": "eric.roesch.pfr@gmail.com",
    "description": "Wallpaper RGB code based on current time: \nHours = Red, Minutes = Green, and Seconds = Blue.\n\nv1.1 \n- Optimized for landscape mode \n- Added globals: Color Portrait, Color LS, Font Portrait, Font LS",
    "version": 4
  }
}