{
  "preset_info": {
    "archive": "kfile://org.kustom.widget.provider/widgets/ClassicDigital.kwgt.zip/",
    "author": "Kustom Industries",
    "description": "Vertical digital clock, configurable font and colors via globals ",
    "email": "",
    "title": "ClassicDigital",
    "version": 7
  },
  "preset_root": {
    "internal_type": "RootLayerModule",
    "config_scale_value": 115.0,
    "background_type": "SOLID",
    "globals_list": {
      "fg": {
        "index": 1,
        "type": "COLOR",
        "title": "fg",
        "value": "#FFFFFFFF"
      },
      "font": {
        "index": 2,
        "type": "FONT",
        "title": "font",
        "value": "kfile://org.kustom.provider/fonts/Roboto-Thin.ttf"
      }
    },
    "viewgroup_items": [
      {
        "internal_type": "ShapeModule",
        "internal_title": "Bg",
        "shape_type": "RECT",
        "shape_width": 400.0,
        "shape_height": 600.0,
        "paint_color": "#54000000"
      },
      {
        "internal_type": "ShapeModule",
        "shape_type": "RECT",
        "shape_width": 400.0,
        "shape_height": 600.0,
        "internal_title": "Border",
        "paint_style": "STROKE",
        "paint_stroke": 10.0,
        "internal_toggles": {
          "paint_color": 100
        },
        "internal_globals": {
          "paint_color": "fg"
        }
      },
      {
        "internal_type": "TextModule",
        "internal_title": "Hours",
        "position_offset_x": 0.0,
        "position_offset_y": -120.0,
        "text_expression": "[b]$df(hh)$[/b]",
        "text_size": 260.0,
        "text_family": "kfile://org.kustom.provider/fonts/Roboto-Thin.ttf",
        "internal_toggles": {
          "text_family": 100,
          "paint_color": 100
        },
        "internal_globals": {
          "text_family": "font",
          "paint_color": "fg"
        }
      },
      {
        "internal_type": "TextModule",
        "position_offset_x": 0.0,
        "position_offset_y": 120.0,
        "text_expression": "$df(mm)$",
        "text_size": 260.0,
        "internal_title": "Minutes",
        "text_family": "kfile://org.kustom.provider/fonts/Roboto-Thin.ttf",
        "internal_toggles": {
          "text_family": 100,
          "paint_color": 100
        },
        "internal_globals": {
          "text_family": "font",
          "paint_color": "fg"
        }
      }
    ]
  }
}