{
  "preset_info": {
    "archive": "kfile:////",
    "author": "Kustom Industries",
    "description": "Simple digital clock with battery progress and customizable color and font",
    "email": "",
    "title": "DigitalAndBattery",
    "version": 7
  },
  "preset_root": {
    "internal_type": "RootLayerModule",
    "globals_list": {
      "color": {
        "index": 1,
        "type": "COLOR",
        "title": "Color",
        "value": "#FFFFFFFF"
      },
      "font": {
        "index": 2,
        "type": "FONT",
        "title": "Font",
        "value": "kfile://org.kustom.provider/fonts/RobotoCondensed-Bold.ttf"
      }
    },
    "background_type": "SOLID",
    "viewgroup_items": [
      {
        "internal_type": "ShapeModule",
        "internal_toggles": {
          "paint_color": 100
        },
        "internal_globals": {
          "paint_color": "color"
        },
        "shape_type": "CIRCLE",
        "shape_width": 680.0,
        "paint_style": "STROKE",
        "paint_stroke": 5.0
      },
      {
        "internal_type": "ProgressModule",
        "internal_toggles": {
          "color_fgcolor": 100
        },
        "internal_globals": {
          "color_fgcolor": "color"
        },
        "style_style": "CIRCLE",
        "style_size": 680.0,
        "style_height": 30.0,
        "color_bgcolor": "#00AAAAAA"
      },
      {
        "internal_type": "TextModule",
        "internal_toggles": {
          "paint_color": 100,
          "text_family": 100
        },
        "internal_globals": {
          "paint_color": "color",
          "text_family": "font"
        },
        "text_expression": "$df(hh)$[s\u003d0.6]:[/s]$df(mm)$",
        "text_size": 220.0,
        "text_family": "kfile://org.kustom.provider/fonts/Roboto-Black.ttf"
      },
      {
        "internal_type": "TextModule",
        "internal_toggles": {
          "paint_color": 100,
          "text_family": 100
        },
        "internal_globals": {
          "paint_color": "color",
          "text_family": "font"
        },
        "text_expression": "$tc(up, df(EEEE))$",
        "text_size": 60.0,
        "text_family": "kfile://org.kustom.provider/fonts/Roboto-Black.ttf",
        "position_offset_y": -160.0
      },
      {
        "internal_type": "TextModule",
        "internal_toggles": {
          "paint_color": 100,
          "text_family": 100
        },
        "internal_globals": {
          "paint_color": "color",
          "text_family": "font"
        },
        "text_expression": "$tc(up, df(MMMM d))$",
        "text_size": 60.0,
        "text_family": "kfile://org.kustom.provider/fonts/Roboto-Black.ttf",
        "position_offset_y": 160.0
      }
    ]
  }
}