{
  "preset_info": {
    "archive": "kfile://org.kustom.sdcard.000/widgets/Tile_clock.kwgt.zip/",
    "author": "AHX",
    "description": "Micro clock with classy look and configurable colors ",
    "email": "ahdesignx@gmail.com",
    "title": "TileClock",
    "version": 7
  },
  "preset_root": {
    "internal_type": "RootLayerModule",
    "background_type": "SOLID",
    "globals_list": {
      "font": {
        "index": 1,
        "type": "FONT",
        "title": "font",
        "value": "kfile://org.kustom.provider/fonts/Roboto-Regular.ttf"
      },
      "fontc": {
        "index": 2,
        "type": "COLOR",
        "title": "fontc",
        "value": "#FF514040"
      },
      "panel1": {
        "index": 3,
        "type": "COLOR",
        "title": "panel1",
        "value": "#FFF4F4F4"
      },
      "panel2": {
        "index": 4,
        "type": "COLOR",
        "title": "panel2",
        "value": "#FFDADADA"
      }
    },
    "config_scale_value": 125.0,
    "viewgroup_items": [
      {
        "internal_type": "OverlapLayerModule",
        "internal_title": "hours",
        "position_offset_x": -150.0,
        "position_offset_y": -20.0,
        "config_scale_value": 100.0,
        "viewgroup_items": [
          {
            "internal_type": "ShapeModule",
            "position_padding_left": 20.0,
            "position_padding_right": 20.0,
            "position_padding_top": 20.0,
            "position_padding_bottom": 20.0,
            "shape_type": "SQUARE",
            "shape_width": 250.0,
            "shape_corners": 12.0,
            "paint_color": "#FFF4F4F4",
            "fx_shadow": "OUTER",
            "fx_shadow_color": "#6E000000",
            "fx_shadow_direction": 315.0,
            "fx_shadow_distance": 6.0,
            "internal_toggles": {
              "paint_color": 100
            },
            "internal_globals": {
              "paint_color": "panel1"
            }
          },
          {
            "internal_type": "TextModule",
            "internal_toggles": {
              "text_family": 100,
              "paint_color": 100
            },
            "internal_globals": {
              "text_family": "font",
              "paint_color": "fontc"
            },
            "text_expression": "$df(hh)$",
            "text_size": 120.0,
            "paint_color": "#FF2A2A2A"
          }
        ]
      },
      {
        "internal_type": "OverlapLayerModule",
        "internal_toggles": {
          "position_padding_left": 0
        },
        "internal_formulas": {
          "position_padding_left": "668"
        },
        "internal_title": "mins",
        "position_offset_x": 150.0,
        "position_offset_y": 60.0,
        "config_scale_value": 100.0,
        "viewgroup_items": [
          {
            "internal_type": "ShapeModule",
            "position_padding_right": 20.0,
            "position_padding_bottom": 20.0,
            "shape_type": "SQUARE",
            "shape_width": 240.0,
            "shape_corners": 12.0,
            "fx_shadow": "OUTER",
            "fx_shadow_color": "#6E000000",
            "fx_shadow_direction": 315.0,
            "fx_shadow_distance": 6.0,
            "position_padding_left": 20.0,
            "paint_color": "#FFDADADA",
            "position_padding_top": 20.0,
            "internal_toggles": {
              "paint_color": 100
            },
            "internal_globals": {
              "paint_color": "panel2"
            }
          },
          {
            "internal_type": "TextModule",
            "internal_toggles": {
              "text_family": 100,
              "paint_color": 100
            },
            "internal_globals": {
              "text_family": "font",
              "paint_color": "fontc"
            },
            "text_expression": "$df(mm)$",
            "text_size": 106.0,
            "paint_color": "#FF2A2A2A"
          }
        ]
      }
    ]
  }
}