{
  "preset_info": {
    "archive": "kfile:////",
    "author": "Kustom Industries ",
    "description": "Simple widget with date and alarm, colors and fonts available via globals. ",
    "email": "",
    "height": 444,
    "title": "DateAndAlarm",
    "version": 9,
    "width": 384
  },
  "preset_root": {
    "internal_type": "RootLayerModule",
    "internal_events": [
      {
        "action": "KUSTOM_ACTION"
      }
    ],
    "globals_list": {
      "fontbold": {
        "index": 1,
        "type": "FONT",
        "title": "FontBold",
        "value": "kfile://org.kustom.provider/fonts/Roboto-Bold.ttf"
      },
      "fontthin": {
        "index": 2,
        "type": "FONT",
        "title": "FontThin",
        "value": "kfile://org.kustom.provider/fonts/Roboto-Thin.ttf"
      },
      "color": {
        "index": 3,
        "type": "COLOR",
        "title": "Color",
        "value": "#FFFFFFFF"
      }
    },
    "viewgroup_items": [
      {
        "internal_type": "StackLayerModule",
        "internal_title": "Clock",
        "position_offset_y": -100.0,
        "config_stacking": "HORIZONTAL_BOTTOM",
        "viewgroup_items": [
          {
            "internal_type": "TextModule",
            "internal_toggles": {
              "text_family": 100,
              "paint_color": 100
            },
            "internal_globals": {
              "text_family": "fontbold",
              "paint_color": "color"
            },
            "text_expression": "$df(hh)$",
            "text_size": 280.0,
            "text_family": "kfile://org.kustom.provider/fonts/Roboto-Bold.ttf"
          },
          {
            "internal_type": "TextModule",
            "internal_toggles": {
              "text_family": 100,
              "paint_color": 100
            },
            "internal_globals": {
              "text_family": "fontthin",
              "paint_color": "color"
            },
            "text_expression": "$df(mm)$",
            "text_family": "kfile://org.kustom.provider/fonts/Roboto-Bold.ttf",
            "text_size": 280.0
          }
        ]
      },
      {
        "internal_type": "StackLayerModule",
        "internal_title": "Date",
        "position_offset_y": 60.0,
        "config_stacking": "HORIZONTAL_BOTTOM",
        "viewgroup_items": [
          {
            "internal_type": "TextModule",
            "internal_toggles": {
              "text_family": 100,
              "paint_color": 100
            },
            "internal_globals": {
              "text_family": "fontthin",
              "paint_color": "color"
            },
            "text_expression": "$df(EEEE)$",
            "text_family": "kfile://org.kustom.provider/fonts/Roboto-Bold.ttf",
            "text_filter": [
              "LO"
            ]
          },
          {
            "internal_type": "TextModule",
            "internal_toggles": {
              "text_family": 100,
              "paint_color": 100
            },
            "internal_globals": {
              "text_family": "fontbold",
              "paint_color": "color"
            },
            "text_expression": "$df(dd)$",
            "text_family": "kfile://org.kustom.provider/fonts/Roboto-Bold.ttf"
          },
          {
            "internal_type": "TextModule",
            "internal_toggles": {
              "text_family": 100,
              "paint_color": 100
            },
            "internal_globals": {
              "text_family": "fontthin",
              "paint_color": "color"
            },
            "text_expression": "$df(MMMM)$",
            "text_family": "kfile://org.kustom.provider/fonts/Roboto-Bold.ttf",
            "text_filter": [
              "LO"
            ]
          }
        ]
      },
      {
        "internal_type": "StackLayerModule",
        "config_stacking": "HORIZONTAL_BOTTOM",
        "internal_title": "Alarm",
        "position_offset_y": 160.0,
        "viewgroup_items": [
          {
            "internal_type": "FontIconModule",
            "internal_toggles": {
              "icon_icon": 10,
              "paint_color": 100
            },
            "internal_formulas": {
              "icon_icon": "$if(si(alarmon), alarm, notifications_off)$"
            },
            "internal_globals": {
              "paint_color": "color"
            },
            "icon_size": 80.0,
            "icon_icon": "notifications_off",
            "position_padding_bottom": 10.0
          },
          {
            "internal_type": "TextModule",
            "internal_toggles": {
              "text_family": 100,
              "paint_color": 100
            },
            "internal_globals": {
              "text_family": "fontthin",
              "paint_color": "color"
            },
            "text_expression": "$if(si(alarmon), df(\"EEE\", si(alarmd)),alarm)$",
            "text_family": "kfile://org.kustom.provider/fonts/Roboto-Bold.ttf",
            "text_filter": [
              "LO"
            ]
          },
          {
            "internal_type": "TextModule",
            "internal_toggles": {
              "text_family": 100,
              "paint_color": 100
            },
            "internal_globals": {
              "text_family": "fontbold",
              "paint_color": "color"
            },
            "text_expression": "$if(si(alarmon), df(\"hh\", si(alarmd)),not)$",
            "text_family": "kfile://org.kustom.provider/fonts/Roboto-Bold.ttf"
          },
          {
            "internal_type": "TextModule",
            "internal_toggles": {
              "text_family": 100,
              "paint_color": 100
            },
            "internal_globals": {
              "text_family": "fontthin",
              "paint_color": "color"
            },
            "text_expression": "$if(si(alarmon), df(\"mm\", si(alarmd)),set)$",
            "text_family": "kfile://org.kustom.provider/fonts/Roboto-Bold.ttf"
          }
        ]
      }
    ]
  }
}