{
  "preset_info": {
    "archive": "kfile:////",
    "author": "Kustom Industries ",
    "description": "An example of clear draw mode, day and clock, font and colors changeable via globals ",
    "email": "",
    "height": 444,
    "title": "Cut",
    "version": 9,
    "width": 816
  },
  "preset_root": {
    "internal_type": "RootLayerModule",
    "internal_events": [
      {
        "action": "KUSTOM_ACTION"
      }
    ],
    "config_scale_value": 200.0,
    "globals_list": {
      "color": {
        "index": 1,
        "type": "COLOR",
        "title": "Color",
        "value": "#FFFFFFFF"
      },
      "font": {
        "index": 2,
        "type": "FONT",
        "title": "Font",
        "value": "kfile://org.kustom.provider/fonts/Ubuntu-Regular.ttf"
      }
    },
    "viewgroup_items": [
      {
        "internal_type": "TextModule",
        "position_offset_y": -20.0,
        "text_expression": "$df(EEEE)$",
        "text_size_type": "SINGLE_FIXED_WIDTH",
        "text_width": 700.0,
        "text_filter": [
          "UP"
        ],
        "internal_toggles": {
          "text_family": 100,
          "paint_color": 100
        },
        "internal_globals": {
          "text_family": "font",
          "paint_color": "color"
        }
      },
      {
        "internal_type": "ShapeModule",
        "shape_type": "RECT",
        "shape_width": 660.0,
        "shape_height": 80.0,
        "paint_mode": "CLEAR",
        "position_offset_y": 30.0
      },
      {
        "internal_type": "TextModule",
        "position_offset_y": 30.0,
        "text_expression": "$tc(n2w, df(H))$ $df(mm)$",
        "text_width": 260.0,
        "text_filter": [
          "UP"
        ],
        "internal_toggles": {
          "text_family": 100,
          "paint_color": 100
        },
        "internal_globals": {
          "text_family": "font",
          "paint_color": "color"
        },
        "text_size": 50.0
      }
    ]
  }
}