{
  "preset_info": {
    "version": 1,
    "title": "Analog",
    "description": "Simple analog clock with 3d look and bounce effect on visibility change",
    "author": "Kustom Industries",
    "email": ""
  },
  "preset_root": {
    "internal_type": "RootLayerModule",
    "background_type": "IMAGE",
    "position_padding_top": 20,
    "background_bitmap": "kfile:\/\/org.kustom.provider\/bitmaps\/IMGdd4f880206ef532d0fa6aa18fb6c1be6",
    "globals_list": {
      "clock": {
        "type": "COLOR",
        "title": "Clock",
        "index": 0,
        "value": "#EBF7F7F7"
      },
      "seconds": {
        "type": "COLOR",
        "title": "Seconds",
        "index": 2,
        "value": "#FFC94848"
      },
      "back2": {
        "type": "COLOR",
        "title": "Back2",
        "index": 3,
        "value": "#FF000000"
      },
      "back1": {
        "type": "COLOR",
        "title": "Back1",
        "index": 3,
        "value": "#FF3D3D3D"
      }
    },
    "background_color": "#FF414141",
    "viewgroup_items": [
      {
        "internal_type": "OverlapLayerModule",
        "internal_title": "Main Clock",
        "internal_animations": {
          "2f9bc5c8b27b402a": {
            "type": "VISIBILITY",
            "action": "SCALE",
            "mode": "BOUNCE",
            "amount": 30
          }
        },
        "position_offset_y": 100,
        "viewgroup_items": [
          {
            "internal_type": "OverlapLayerModule",
            "internal_title": "Background",
            "viewgroup_items": [
              {
                "internal_type": "ShapeModule",
                "internal_toggles": {
                  "paint_color": 100,
                  "fx_gradient_color": 100
                },
                "internal_globals": {
                  "paint_color": "Back1",
                  "fx_gradient_color": "Back2"
                },
                "shape_type": "CIRCLE",
                "shape_width": 384,
                "paint_stroke": 5,
                "paint_color": "#FF696969",
                "fx_gradient": "RADIAL",
                "fx_gradient_offset_x": 35,
                "fx_gradient_offset_y": 35,
                "internal_formulas": {
                  "paint_color": "$gv(back)$"
                },
                "fx_shadow_distance": 10
              },
              {
                "internal_type": "ShapeModule",
                "internal_toggles": {
                  "paint_color": 100
                },
                "internal_globals": {
                  "paint_color": "Clock"
                },
                "shape_type": "CIRCLE",
                "shape_width": 383,
                "paint_style": "STROKE",
                "paint_stroke": 10,
                "position_padding_top": 19,
                "fx_shadow": "OUTER",
                "fx_shadow_direction": 296,
                "fx_shadow_distance": 10
              }
            ]
          },
          {
            "internal_type": "OverlapLayerModule",
            "position_padding_bottom": 144,
            "config_rotate_mode": "CLOCK_SECOND",
            "config_rotate_offset": 1,
            "internal_title": "Seconds hand",
            "viewgroup_items": [
              {
                "internal_type": "ShapeModule",
                "shape_type": "TRIANGLE",
                "shape_width": 218,
                "shape_height": 5,
                "internal_toggles": {
                  "paint_color": 100,
                  "fx_shadow_direction": 10
                },
                "internal_globals": {
                  "paint_color": "Seconds"
                },
                "position_padding_bottom": 80,
                "position_padding_left": 15,
                "position_padding_right": 15,
                "position_padding_top": 70,
                "shape_rotate_mode": "MANUAL",
                "shape_rotate_offset": 270,
                "internal_formulas": {
                  "fx_shadow_direction": "$360\/60*df(s)$"
                },
                "fx_shadow": "OUTER",
                "fx_shadow_direction": 0,
                "fx_shadow_distance": 10
              }
            ]
          },
          {
            "internal_type": "OverlapLayerModule",
            "position_padding_bottom": 144,
            "config_rotate_mode": "CLOCK_MINUTE",
            "config_rotate_offset": 1,
            "internal_title": "Minutes hand",
            "viewgroup_items": [
              {
                "internal_type": "ShapeModule",
                "shape_type": "TRIANGLE",
                "shape_width": 200,
                "shape_height": 10,
                "internal_toggles": {
                  "paint_color": 100,
                  "fx_shadow_direction": 10
                },
                "internal_globals": {
                  "paint_color": "Clock"
                },
                "position_padding_bottom": 15,
                "fx_shadow": "OUTER",
                "position_padding_left": 15,
                "position_padding_right": 15,
                "position_padding_top": 15,
                "shape_rotate_mode": "MANUAL",
                "shape_rotate_offset": 270,
                "internal_formulas": {
                  "fx_shadow_direction": "$360\/60*df(m)$"
                },
                "fx_shadow_distance": 10
              }
            ]
          },
          {
            "internal_type": "OverlapLayerModule",
            "position_padding_bottom": 163,
            "config_rotate_mode": "CLOCK_HOUR_SMOOTH",
            "internal_title": "Hours hand",
            "viewgroup_items": [
              {
                "internal_type": "ShapeModule",
                "shape_type": "TRIANGLE",
                "shape_width": 142,
                "shape_height": 15,
                "internal_toggles": {
                  "paint_color": 100,
                  "fx_shadow_direction": 10
                },
                "internal_globals": {
                  "paint_color": "Clock"
                },
                "fx_shadow": "OUTER",
                "position_padding_left": 15,
                "position_padding_right": 15,
                "position_padding_top": 71,
                "position_padding_bottom": 15,
                "shape_rotate_mode": "MANUAL",
                "shape_rotate_offset": 270,
                "internal_formulas": {
                  "fx_shadow_direction": "$360\/(12*60)*(df(h)*60+df(m))$"
                },
                "fx_shadow_distance": 10
              }
            ]
          },
          {
            "internal_type": "ShapeModule",
            "internal_toggles": {
              "paint_color": 100
            },
            "internal_globals": {
              "paint_color": "Clock"
            },
            "shape_type": "CIRCLE",
            "shape_width": 40,
            "paint_stroke": 5,
            "fx_shadow_distance": 10
          }
        ]
      }
    ]
  }
}