{
  "preset_info": {
    "archive": "kfile:////",
    "author": "Kustom Industries ",
    "description": "Number to text example ",
    "email": "",
    "height": 444,
    "title": "TextClock",
    "version": 9,
    "width": 384
  },
  "preset_root": {
    "internal_type": "RootLayerModule",
    "internal_events": [
      {
        "action": "KUSTOM_ACTION"
      }
    ],
    "globals_list": {
      "color": {
        "index": 1,
        "type": "COLOR",
        "title": "Color",
        "value": "#FFFFFFFF"
      },
      "font": {
        "index": 2,
        "type": "FONT",
        "title": "Font",
        "value": "kfile://org.kustom.provider/fonts/Walkway.ttf"
      }
    },
    "viewgroup_items": [
      {
        "internal_type": "StackLayerModule",
        "position_anchor": "CENTERLEFT",
        "config_scale_value": 125.0,
        "position_offset_x": 20.0,
        "viewgroup_items": [
          {
            "internal_type": "TextModule",
            "text_expression": "$df(a)$",
            "internal_toggles": {
              "text_family": 100,
              "paint_color": 100
            },
            "internal_globals": {
              "text_family": "font",
              "paint_color": "color"
            },
            "text_size": 60.0
          },
          {
            "internal_type": "TextModule",
            "text_expression": "[b]$tc(up, tc(n2w, df(h)))$[/b]",
            "internal_toggles": {
              "text_family": 100,
              "paint_color": 100
            },
            "internal_globals": {
              "text_family": "font",
              "paint_color": "color"
            },
            "text_size": 100.0
          },
          {
            "internal_type": "TextModule",
            "text_expression": "$tc(up, tc(n2w, df(m)))$",
            "internal_toggles": {
              "text_family": 100,
              "paint_color": 100
            },
            "internal_globals": {
              "text_family": "font",
              "paint_color": "color"
            },
            "text_size": 60.0,
            "text_filter": [
              "NS"
            ]
          }
        ]
      }
    ]
  }
}