{
  "preset_info": {
    "archive": "kfile://org.kustom.ikwwidget/widgets/IKW002.kwgt.zip/",
    "author": "Irwin Kurniadi",
    "description": "Classy calendar with date and clock, huge amount of configuration options as globals",
    "email": "",
    "title": "IKW002",
    "version": 7
  },
  "preset_root": {
    "internal_type": "RootLayerModule",
    "globals_list": {
      "main": {
        "index": 2,
        "type": "FONT",
        "title": "Main",
        "value": "kfile://org.kustom.provider/fonts/RobotoCondensed-Regular.ttf"
      },
      "one": {
        "index": 3,
        "type": "COLOR",
        "title": "one",
        "value": "#FFEDEDED"
      },
      "two": {
        "index": 4,
        "type": "COLOR",
        "title": "two",
        "value": "#FFA6A6A6"
      },
      "clock sz": {
        "index": 6,
        "type": "NUMBER",
        "title": "clock sz",
        "min": 0,
        "max": 300,
        "value": 150.0
      },
      "today sz": {
        "index": 7,
        "type": "NUMBER",
        "title": "today sz",
        "min": 0,
        "max": 100,
        "value": 70.0
      },
      "days sz": {
        "index": 8,
        "type": "NUMBER",
        "title": "days sz",
        "min": 0,
        "max": 100,
        "value": 50
      },
      "circle": {
        "index": 9,
        "type": "NUMBER",
        "title": "circle",
        "min": 0,
        "max": 200,
        "value": 85.0
      },
      "todaybox": {
        "index": 17,
        "type": "NUMBER",
        "title": "todaybox",
        "min": 0,
        "max": 720,
        "value": 300.0
      },
      "daysbox": {
        "index": 12,
        "type": "NUMBER",
        "title": "daysbox",
        "min": 0,
        "max": 200,
        "value": 40
      },
      "line": {
        "index": 13,
        "type": "NUMBER",
        "title": "line",
        "min": 0,
        "max": 720,
        "value": 485
      },
      "scale": {
        "index": 1,
        "type": "NUMBER",
        "title": "Scale",
        "min": 0,
        "max": 500,
        "value": 100.0
      },
      "line pad": {
        "index": 14,
        "type": "NUMBER",
        "title": "Line Pad",
        "min": 0,
        "max": 720,
        "value": 720
      },
      "space": {
        "index": 16,
        "type": "NUMBER",
        "title": "Space",
        "min": 0,
        "max": 200,
        "value": 80
      }
    },
    "background_type": "SOLID",
    "config_scale_value": 115.0,
    "viewgroup_items": [
      {
        "internal_type": "StackLayerModule",
        "position_offset_x": 0.0,
        "position_offset_y": 0.0,
        "config_stacking": "VERTICAL_CENTER",
        "internal_toggles": {
          "config_scale_value": 100
        },
        "internal_globals": {
          "config_scale_value": "scale"
        },
        "config_scale_value": 100.0,
        "viewgroup_items": [
          {
            "internal_type": "TextModule",
            "internal_toggles": {
              "text_family": 100,
              "paint_color": 100,
              "text_size": 100
            },
            "internal_formulas": {
              "paint_color": ""
            },
            "internal_globals": {
              "text_family": "main",
              "paint_color": "one",
              "text_size": "clock sz"
            },
            "text_size": 80.0
          },
          {
            "internal_type": "StackLayerModule",
            "config_stacking": "HORIZONTAL_BOTTOM",
            "position_offset_y": 160.0,
            "position_padding_top": 10.0,
            "viewgroup_items": [
              {
                "internal_type": "OverlapLayerModule",
                "position_padding_right": 40.0,
                "internal_toggles": {
                  "position_padding_right": 100
                },
                "internal_globals": {
                  "position_padding_right": "space"
                },
                "viewgroup_items": [
                  {
                    "internal_type": "ShapeModule",
                    "shape_type": "RECT",
                    "shape_width": 40.0,
                    "shape_height": 80.0,
                    "paint_color": "#00FFFFFF",
                    "internal_toggles": {
                      "shape_width": 100
                    },
                    "internal_globals": {
                      "shape_width": "daysbox"
                    }
                  },
                  {
                    "internal_type": "TextModule",
                    "internal_toggles": {
                      "text_family": 100,
                      "paint_color": 100,
                      "text_size": 100
                    },
                    "internal_formulas": {
                      "paint_color": ""
                    },
                    "internal_globals": {
                      "text_family": "main",
                      "paint_color": "one",
                      "text_size": "days sz"
                    },
                    "text_expression": "$tc(low, df(EEE, r3d))$",
                    "text_size": 20.0
                  }
                ]
              },
              {
                "internal_type": "OverlapLayerModule",
                "position_padding_right": 40.0,
                "internal_toggles": {
                  "position_padding_right": 100
                },
                "internal_globals": {
                  "position_padding_right": "space"
                },
                "viewgroup_items": [
                  {
                    "internal_type": "ShapeModule",
                    "shape_type": "RECT",
                    "shape_width": 40.0,
                    "shape_height": 80.0,
                    "paint_color": "#00FFFFFF",
                    "internal_toggles": {
                      "shape_width": 100
                    },
                    "internal_globals": {
                      "shape_width": "daysbox"
                    }
                  },
                  {
                    "internal_type": "TextModule",
                    "internal_toggles": {
                      "text_family": 100,
                      "paint_color": 100,
                      "text_size": 100
                    },
                    "internal_formulas": {
                      "paint_color": ""
                    },
                    "internal_globals": {
                      "text_family": "main",
                      "paint_color": "one",
                      "text_size": "days sz"
                    },
                    "text_expression": "$tc(low, df(EEE, r2d))$",
                    "text_size": 20.0
                  }
                ]
              },
              {
                "internal_type": "OverlapLayerModule",
                "internal_toggles": {
                  "position_padding_left": 0,
                  "position_padding_right": 100
                },
                "internal_globals": {
                  "position_padding_left": "space",
                  "position_padding_right": "space"
                },
                "viewgroup_items": [
                  {
                    "internal_type": "ShapeModule",
                    "shape_type": "RECT",
                    "shape_width": 40.0,
                    "shape_height": 80.0,
                    "paint_color": "#00FFFFFF",
                    "internal_toggles": {
                      "shape_width": 100
                    },
                    "internal_globals": {
                      "shape_width": "daysbox"
                    }
                  },
                  {
                    "internal_type": "TextModule",
                    "internal_toggles": {
                      "text_family": 100,
                      "paint_color": 100,
                      "text_size": 100
                    },
                    "internal_formulas": {
                      "paint_color": ""
                    },
                    "internal_globals": {
                      "text_family": "main",
                      "paint_color": "one",
                      "text_size": "days sz"
                    },
                    "text_expression": "$tc(low, df(EEE, r1d))$",
                    "text_size": 20.0
                  }
                ]
              },
              {
                "internal_type": "OverlapLayerModule",
                "internal_toggles": {
                  "position_padding_left": 0
                },
                "viewgroup_items": [
                  {
                    "internal_type": "ShapeModule",
                    "shape_type": "RECT",
                    "shape_width": 140.0,
                    "shape_height": 30.0,
                    "paint_color": "#00FFFFFF",
                    "internal_toggles": {
                      "shape_width": 100
                    },
                    "internal_globals": {
                      "shape_width": "todaybox"
                    }
                  },
                  {
                    "internal_type": "TextModule",
                    "internal_toggles": {
                      "text_family": 100,
                      "paint_color": 100,
                      "text_size": 100
                    },
                    "internal_formulas": {
                      "paint_color": ""
                    },
                    "internal_globals": {
                      "text_family": "main",
                      "paint_color": "two",
                      "text_size": "today sz"
                    },
                    "text_expression": "$df(EEEE)$",
                    "text_size": 30.0,
                    "text_align": "CENTER",
                    "position_anchor": "BOTTOM"
                  }
                ]
              },
              {
                "internal_type": "OverlapLayerModule",
                "internal_toggles": {
                  "position_padding_left": 100
                },
                "internal_globals": {
                  "position_padding_left": "space"
                },
                "viewgroup_items": [
                  {
                    "internal_type": "ShapeModule",
                    "shape_type": "RECT",
                    "shape_width": 40.0,
                    "shape_height": 80.0,
                    "paint_color": "#00FFFFFF",
                    "internal_toggles": {
                      "shape_width": 100
                    },
                    "internal_globals": {
                      "shape_width": "daysbox"
                    }
                  },
                  {
                    "internal_type": "TextModule",
                    "internal_toggles": {
                      "text_family": 100,
                      "paint_color": 100,
                      "text_size": 100
                    },
                    "internal_formulas": {
                      "paint_color": ""
                    },
                    "internal_globals": {
                      "text_family": "main",
                      "paint_color": "one",
                      "text_size": "days sz"
                    },
                    "text_expression": "$tc(low, df(EEE, a1d))$",
                    "text_size": 20.0
                  }
                ]
              },
              {
                "internal_type": "OverlapLayerModule",
                "position_padding_left": 40.0,
                "internal_toggles": {
                  "position_padding_left": 100
                },
                "internal_globals": {
                  "position_padding_left": "space"
                },
                "viewgroup_items": [
                  {
                    "internal_type": "ShapeModule",
                    "shape_type": "RECT",
                    "shape_width": 40.0,
                    "shape_height": 80.0,
                    "paint_color": "#00FFFFFF",
                    "internal_toggles": {
                      "shape_width": 100
                    },
                    "internal_globals": {
                      "shape_width": "daysbox"
                    }
                  },
                  {
                    "internal_type": "TextModule",
                    "internal_toggles": {
                      "text_family": 100,
                      "paint_color": 100,
                      "text_size": 100
                    },
                    "internal_formulas": {
                      "paint_color": ""
                    },
                    "internal_globals": {
                      "text_family": "main",
                      "paint_color": "one",
                      "text_size": "days sz"
                    },
                    "text_expression": "$tc(low, df(EEE, a2d))$",
                    "text_size": 20.0
                  }
                ]
              },
              {
                "internal_type": "OverlapLayerModule",
                "position_padding_left": 40.0,
                "internal_toggles": {
                  "position_padding_left": 100
                },
                "internal_globals": {
                  "position_padding_left": "space"
                },
                "viewgroup_items": [
                  {
                    "internal_type": "ShapeModule",
                    "shape_type": "RECT",
                    "shape_width": 40.0,
                    "shape_height": 80.0,
                    "paint_color": "#00FFFFFF",
                    "internal_toggles": {
                      "shape_width": 100
                    },
                    "internal_globals": {
                      "shape_width": "daysbox"
                    }
                  },
                  {
                    "internal_type": "TextModule",
                    "internal_toggles": {
                      "text_family": 100,
                      "paint_color": 100,
                      "text_size": 100
                    },
                    "internal_formulas": {
                      "paint_color": ""
                    },
                    "internal_globals": {
                      "text_family": "main",
                      "paint_color": "one",
                      "text_size": "days sz"
                    },
                    "text_expression": "$tc(low, df(EEE, a3d))$",
                    "text_size": 20.0
                  }
                ]
              }
            ]
          },
          {
            "internal_type": "OverlapLayerModule",
            "position_padding_top": 20.0,
            "viewgroup_items": [
              {
                "internal_type": "ShapeModule",
                "internal_toggles": {
                  "paint_color": 100,
                  "shape_width": 100,
                  "position_padding_right": 100
                },
                "internal_formulas": {
                  "paint_color": ""
                },
                "position_anchor": "CENTERLEFT",
                "shape_type": "RECT",
                "shape_width": 200.0,
                "shape_height": 2.0,
                "position_padding_right": 300.0,
                "internal_globals": {
                  "paint_color": "two",
                  "shape_width": "line",
                  "position_padding_right": "line pad"
                }
              },
              {
                "internal_type": "OverlapLayerModule",
                "viewgroup_items": [
                  {
                    "internal_type": "ShapeModule",
                    "internal_toggles": {
                      "paint_color": 100,
                      "shape_width": 100
                    },
                    "internal_formulas": {
                      "paint_color": ""
                    },
                    "shape_type": "CIRCLE",
                    "shape_width": 40.0,
                    "internal_globals": {
                      "paint_color": "one",
                      "shape_width": "circle"
                    }
                  },
                  {
                    "internal_type": "TextModule",
                    "internal_toggles": {
                      "text_family": 100,
                      "text_size": 100
                    },
                    "internal_globals": {
                      "text_family": "main",
                      "text_size": "days sz"
                    },
                    "text_expression": "$df(dd)$",
                    "paint_mode": "CLEAR"
                  }
                ]
              },
              {
                "internal_type": "ShapeModule",
                "internal_toggles": {
                  "paint_color": 100,
                  "shape_width": 100
                },
                "internal_formulas": {
                  "paint_color": ""
                },
                "position_anchor": "CENTERRIGHT",
                "shape_type": "RECT",
                "shape_width": 200,
                "shape_height": 2.0,
                "internal_globals": {
                  "paint_color": "two",
                  "shape_width": "line"
                }
              }
            ]
          }
        ]
      }
    ]
  }
}