{
  "preset_info": {
    "version": 3,
    "title": "DClock2",
    "description": "A digital clock with battery, alarm, weather and connection info.",
    "author": "Kustom Industries",
    "email": ""
  },
  "preset_root": {
    "internal_type": "RootLayerModule",
    "globals_list": {
      "text": {
        "type": "FONT",
        "title": "Text",
        "index": 1,
        "value": "kfile:\/\/org.kustom.provider\/fonts\/Roboto-Black.ttf"
      },
      "main": {
        "type": "COLOR",
        "title": "Main",
        "index": 1,
        "value": "#A6FFFFFF"
      }
    },
    "background_type": "IMAGE",
    "position_padding_top": 50,
    "background_bitmap": "kfile:\/\/org.kustom.provider\/bitmaps\/IMG96db88dbe17d8bfea01e4a20a6fb41dd",
    "viewgroup_items": [
      {
        "internal_type": "StackLayerModule",
        "config_stacking": "HORIZONTAL_CENTER",
        "config_scale_mode": "PROPORTIONAL",
        "config_scale_value": 88,
        "position_padding_top": 50,
        "internal_title": "Clock",
        "viewgroup_items": [
          {
            "internal_type": "TextModule",
            "internal_toggles": {
              "text_family": 100,
              "paint_color": 100
            },
            "internal_globals": {
              "text_family": "text",
              "paint_color": "main"
            },
            "text_expression": "$df(hh)$",
            "text_size": 300
          },
          {
            "internal_type": "OverlapLayerModule",
            "viewgroup_items": [
              {
                "internal_type": "TextModule",
                "internal_toggles": {
                  "text_family": 100,
                  "paint_color": 100
                },
                "internal_globals": {
                  "text_family": "text",
                  "paint_color": "main"
                },
                "text_expression": "$df(a)$",
                "text_size": 70,
                "position_padding_top": 44
              },
              {
                "internal_type": "TextModule",
                "internal_toggles": {
                  "text_family": 100,
                  "paint_color": 100
                },
                "internal_globals": {
                  "text_family": "text",
                  "paint_color": "main"
                },
                "text_expression": ":",
                "text_size": 269
              }
            ]
          },
          {
            "internal_type": "TextModule",
            "internal_toggles": {
              "text_family": 100,
              "paint_color": 100
            },
            "internal_globals": {
              "text_family": "text",
              "paint_color": "main"
            },
            "text_expression": "$df(mm)$",
            "text_size": 300
          }
        ]
      },
      {
        "internal_type": "StackLayerModule",
        "position_padding_left": 18,
        "position_padding_top": 8,
        "position_anchor": "TOPLEFT",
        "internal_title": "Connectivity",
        "viewgroup_items": [
          {
            "internal_type": "TextModule",
            "internal_toggles": {
              "text_family": 100,
              "paint_color": 100
            },
            "internal_globals": {
              "text_family": "text",
              "paint_color": "main"
            },
            "text_expression": "$if(nc(cell) != off & nc(cell) != airplane, if(nc(wifi) != connected, nc(dtype), \"WiFi \" + nc(wspeed) + \"Mb\"))$",
            "text_size": 40
          },
          {
            "internal_type": "TextModule",
            "internal_toggles": {
              "text_family": 100,
              "paint_color": 100
            },
            "internal_globals": {
              "text_family": "text",
              "paint_color": "main"
            },
            "text_expression": "$if(nc(cell)=airplane, Airplane, if(nc(cell)=off, Off, if(nc(wifi) != connected,  nc(operator), nc(ssid))))$",
            "text_size": 40
          }
        ]
      },
      {
        "internal_type": "StackLayerModule",
        "position_anchor": "TOPRIGHT",
        "config_stacking": "HORIZONTAL_BOTTOM",
        "position_padding_right": 18,
        "internal_title": "Battery",
        "viewgroup_items": [
          {
            "internal_type": "OverlapLayerModule",
            "position_padding_right": 10,
            "viewgroup_items": [
              {
                "internal_type": "TextModule",
                "internal_toggles": {
                  "text_family": 100,
                  "paint_color": 100
                },
                "internal_globals": {
                  "text_family": "text",
                  "paint_color": "main"
                },
                "text_expression": "$if(bi(charging), bi(source))$",
                "text_size": 40,
                "position_padding_bottom": 14,
                "position_anchor": "BOTTOMRIGHT"
              }
            ]
          },
          {
            "internal_type": "TextModule",
            "internal_toggles": {
              "text_family": 100,
              "paint_color": 100
            },
            "internal_globals": {
              "text_family": "text",
              "paint_color": "main"
            },
            "text_expression": "$bi(level)$%",
            "text_size": 100
          }
        ]
      },
      {
        "internal_type": "OverlapLayerModule",
        "internal_title": "Date And Alarm",
        "position_padding_top": 302,
        "position_anchor": "TOPRIGHT",
        "position_padding_right": 18,
        "viewgroup_items": [
          {
            "internal_type": "TextModule",
            "internal_toggles": {
              "text_family": 100,
              "paint_color": 100
            },
            "internal_globals": {
              "text_family": "text",
              "paint_color": "main"
            },
            "text_expression": "$df(MMMM d)$",
            "text_size": 69,
            "position_anchor": "TOPRIGHT"
          },
          {
            "internal_type": "StackLayerModule",
            "position_padding_top": 68,
            "position_anchor": "TOPRIGHT",
            "config_stacking": "HORIZONTAL_BOTTOM",
            "internal_title": "Alarm",
            "viewgroup_items": [
              {
                "internal_type": "TextModule",
                "internal_toggles": {
                  "paint_color": 100
                },
                "internal_globals": {
                  "paint_color": "main"
                },
                "text_expression": "$if(si(alarmon), tc(utf, \"e600\"), tc(utf, \"e601\"))$",
                "text_size": 45,
                "text_family": "kfile:\/\/org.kustom.provider\/fonts\/alarm.ttf"
              },
              {
                "internal_type": "TextModule",
                "internal_toggles": {
                  "text_family": 100,
                  "paint_color": 100
                },
                "internal_globals": {
                  "text_family": "text",
                  "paint_color": "main"
                },
                "text_expression": "$if(si(alarmon), df(\"hh:mm\", si(alarmd)), \"Not set\")$",
                "text_size": 53
              },
              {
                "internal_type": "OverlapLayerModule",
                "position_padding_left": 3,
                "viewgroup_items": [
                  {
                    "internal_type": "TextModule",
                    "internal_toggles": {
                      "text_family": 100,
                      "paint_color": 100
                    },
                    "internal_globals": {
                      "text_family": "text",
                      "paint_color": "main"
                    },
                    "text_expression": "$if(si(alarmon), df(\"a\", si(alarmd)))$",
                    "position_padding_left": 2,
                    "position_padding_bottom": 31,
                    "position_anchor": "BOTTOMLEFT",
                    "text_size": 14
                  },
                  {
                    "internal_type": "TextModule",
                    "internal_toggles": {
                      "text_family": 100,
                      "paint_color": 100
                    },
                    "internal_globals": {
                      "text_family": "text",
                      "paint_color": "main"
                    },
                    "text_expression": "$if(si(alarmon), tc(up, df(\"EEE\", si(alarmd))))$",
                    "position_padding_bottom": 6,
                    "position_anchor": "BOTTOMLEFT",
                    "text_size": 28
                  }
                ]
              }
            ]
          }
        ]
      },
      {
        "internal_type": "OverlapLayerModule",
        "internal_title": "Day and Weather",
        "position_padding_left": 18,
        "position_padding_top": 300,
        "position_anchor": "TOPLEFT",
        "viewgroup_items": [
          {
            "internal_type": "TextModule",
            "internal_toggles": {
              "text_family": 100,
              "paint_color": 100
            },
            "internal_globals": {
              "text_family": "text",
              "paint_color": "main"
            },
            "text_expression": "$df(EEEE)$",
            "text_size": 40,
            "position_anchor": "TOPLEFT"
          },
          {
            "internal_type": "StackLayerModule",
            "position_padding_top": 30,
            "position_anchor": "TOPLEFT",
            "config_stacking": "HORIZONTAL_CENTER",
            "internal_title": "Weather",
            "viewgroup_items": [
              {
                "internal_type": "TextModule",
                "internal_toggles": {
                  "text_family": 100,
                  "paint_color": 100
                },
                "internal_globals": {
                  "text_family": "text",
                  "paint_color": "main"
                },
                "text_expression": "$wi(temp)$°",
                "text_size": 96
              },
              {
                "internal_type": "StackLayerModule",
                "viewgroup_items": [
                  {
                    "internal_type": "TextModule",
                    "internal_toggles": {
                      "text_family": 100,
                      "paint_color": 100
                    },
                    "internal_globals": {
                      "text_family": "text",
                      "paint_color": "main"
                    },
                    "text_expression": "$wi(cond)$",
                    "text_size": 40
                  },
                  {
                    "internal_type": "TextModule",
                    "internal_toggles": {
                      "text_family": 100,
                      "paint_color": 100
                    },
                    "internal_globals": {
                      "text_family": "text",
                      "paint_color": "main"
                    },
                    "text_expression": "$li(loc)$",
                    "text_size": 30
                  }
                ]
              }
            ]
          }
        ]
      }
    ]
  }
}