{
  "preset_info": {
    "archive": "kfile://org.kustom.ikwwidget/widgets/IKW003.kwgt.zip/",
    "author": "Irwin Kurniadi",
    "description": "Text date and clock with high contrast and a lot of configuration options",
    "email": "",
    "title": "IKW003",
    "version": 7
  },
  "preset_root": {
    "internal_type": "RootLayerModule",
    "globals_list": {
      "main": {
        "index": 2,
        "type": "FONT",
        "title": "Main",
        "value": "kfile://org.kustom.provider/fonts/RobotoCondensed-Bold.ttf"
      },
      "scale": {
        "index": 1,
        "type": "NUMBER",
        "title": "Scale",
        "min": 0,
        "max": 500,
        "value": 100.0
      },
      "color1": {
        "index": 3,
        "type": "COLOR",
        "title": "color1",
        "value": "#FFF2F2F2"
      },
      "color2": {
        "index": 4,
        "type": "COLOR",
        "title": "color2",
        "value": "#FF979797"
      },
      "date sz": {
        "index": 6,
        "type": "NUMBER",
        "title": "date sz",
        "min": 0,
        "max": 300,
        "value": 100.0
      },
      "other sz": {
        "index": 8,
        "type": "NUMBER",
        "title": "other sz",
        "min": 0,
        "max": 200,
        "value": 45
      },
      "rect hei": {
        "index": 10,
        "type": "NUMBER",
        "title": "rect hei",
        "min": 0,
        "max": 100,
        "value": 45.0
      },
      "rect wid": {
        "index": 11,
        "type": "NUMBER",
        "title": "rect wid",
        "min": 0,
        "max": 720,
        "value": 350.0
      }
    },
    "background_type": "SOLID",
    "viewgroup_items": [
      {
        "internal_type": "StackLayerModule",
        "config_stacking": "VERTICAL_RIGHT",
        "internal_toggles": {
          "config_scale_value": 100
        },
        "internal_globals": {
          "config_scale_value": "scale"
        },
        "position_anchor": "CENTERRIGHT",
        "position_offset_x": 60.0,
        "viewgroup_items": [
          {
            "internal_type": "TextModule",
            "text_expression": "[b]$if(df(f)\u003d2, Tues, if(df(f)\u003d3, Wednes, if(df(f)\u003d4, Thurs, if(df(f)\u003d5, Fri, if(df(f)\u003d6, Satur, if(df(f)\u003d7, Sun, Mon))))))$[/b][c\u003d$gv(color2)$]day#[/c][b]$df(d)$[/b]",
            "text_size": 40.0,
            "internal_toggles": {
              "text_size": 100,
              "text_family": 100,
              "paint_color": 100
            },
            "internal_globals": {
              "text_size": "date sz",
              "text_family": "main",
              "paint_color": "color1"
            }
          },
          {
            "internal_type": "StackLayerModule",
            "config_stacking": "HORIZONTAL_CENTER",
            "viewgroup_items": [
              {
                "internal_type": "TextModule",
                "internal_toggles": {
                  "text_family": 100,
                  "text_size": 100,
                  "paint_color": 100
                },
                "internal_globals": {
                  "text_family": "main",
                  "text_size": "other sz",
                  "paint_color": "color1"
                },
                "text_expression": "[b]$df(h)$[/b]:$df(mm)$",
                "position_padding_right": 10.0
              },
              {
                "internal_type": "OverlapLayerModule",
                "viewgroup_items": [
                  {
                    "internal_type": "ShapeModule",
                    "shape_type": "RECT",
                    "shape_width": 125.0,
                    "shape_height": 14.0,
                    "internal_toggles": {
                      "shape_width": 100,
                      "shape_height": 100,
                      "paint_color": 100
                    },
                    "internal_globals": {
                      "shape_width": "rect wid",
                      "shape_height": "rect hei",
                      "paint_color": "color1"
                    }
                  },
                  {
                    "internal_type": "TextModule",
                    "internal_toggles": {
                      "text_family": 100,
                      "text_size": 100
                    },
                    "internal_globals": {
                      "text_family": "main",
                      "text_size": "other sz"
                    },
                    "position_padding_right": 5.0,
                    "position_anchor": "CENTERRIGHT",
                    "text_expression": "$tc(low, df(MMMM))$",
                    "text_size": 15.0,
                    "paint_mode": "CLEAR",
                    "position_padding_bottom": 3.0
                  }
                ]
              }
            ]
          }
        ]
      }
    ]
  }
}