{
  "preset_info": {
    "archive": "kfile:////",
    "author": "Kustom Industries",
    "description": "An analog clock with alarm, sunrise and sunset info, colors via globals. ",
    "email": "",
    "height": 1059,
    "title": "Smart Analog",
    "version": 9,
    "width": 1032
  },
  "preset_root": {
    "internal_type": "RootLayerModule",
    "internal_events": [
      {
        "action": "KUSTOM_ACTION"
      }
    ],
    "config_scale_value": 200.0,
    "globals_list": {
      "main": {
        "index": 1,
        "type": "COLOR",
        "title": "Main",
        "value": "#FFFFFFFF"
      },
      "accent": {
        "index": 2,
        "type": "COLOR",
        "title": "Accent",
        "value": "#FFFF7700"
      },
      "bg": {
        "index": 3,
        "type": "COLOR",
        "title": "Bg",
        "value": "#53FFFFFF"
      }
    },
    "viewgroup_items": [
      {
        "internal_type": "ShapeModule",
        "internal_title": "Border",
        "internal_toggles": {
          "paint_color": 100
        },
        "internal_globals": {
          "paint_color": "main"
        },
        "shape_type": "CIRCLE",
        "shape_width": 300.0,
        "paint_style": "STROKE",
        "paint_stroke": 3.0
      },
      {
        "internal_type": "OverlapLayerModule",
        "internal_title": "Hours Hand",
        "config_rotate_mode": "CLOCK_HOUR_SMOOTH",
        "viewgroup_items": [
          {
            "internal_type": "ShapeModule",
            "internal_toggles": {
              "paint_color": 100
            },
            "internal_globals": {
              "paint_color": "main"
            },
            "position_padding_bottom": 70.0,
            "shape_type": "RECT",
            "shape_width": 5.0,
            "shape_height": 110.0
          },
          {
            "internal_type": "ShapeModule",
            "internal_title": "Dot",
            "position_padding_bottom": 300.0,
            "shape_type": "CIRCLE",
            "shape_width": 2.0,
            "internal_toggles": {
              "paint_color": 100
            },
            "internal_globals": {
              "paint_color": "accent"
            }
          }
        ]
      },
      {
        "internal_type": "OverlapLayerModule",
        "internal_title": "Minutes Hand",
        "config_rotate_mode": "CLOCK_MINUTE",
        "viewgroup_items": [
          {
            "internal_type": "ShapeModule",
            "internal_toggles": {
              "paint_color": 100
            },
            "internal_globals": {
              "paint_color": "main"
            },
            "position_padding_bottom": 95.0,
            "shape_type": "RECT",
            "shape_width": 3.0,
            "shape_height": 150.0,
            "position_padding_left": 1.0
          }
        ]
      },
      {
        "internal_type": "OverlapLayerModule",
        "internal_title": "Center",
        "viewgroup_items": [
          {
            "internal_type": "ShapeModule",
            "internal_toggles": {
              "paint_color": 0
            },
            "internal_globals": {
              "paint_color": "accent"
            },
            "shape_type": "CIRCLE",
            "shape_width": 21.0,
            "paint_stroke": 5.0,
            "paint_mode": "CLEAR",
            "internal_title": "Clear"
          },
          {
            "internal_type": "ShapeModule",
            "internal_toggles": {
              "paint_color": 100
            },
            "internal_globals": {
              "paint_color": "accent"
            },
            "shape_type": "CIRCLE",
            "shape_width": 15.0,
            "paint_style": "STROKE",
            "paint_stroke": 3.0,
            "internal_title": "Border"
          }
        ]
      },
      {
        "internal_type": "ProgressModule",
        "internal_toggles": {
          "color_fgcolor": 100,
          "color_bgcolor": 100
        },
        "internal_globals": {
          "color_fgcolor": "main",
          "color_bgcolor": "bg"
        },
        "progress_progress": "MINS",
        "progress_mode": "SHAPES",
        "style_style": "CIRCLE",
        "style_shape": "RECT",
        "style_size": 280.0,
        "style_width": 5.0,
        "style_height": 10.0,
        "internal_title": "Minutes Bars"
      },
      {
        "internal_type": "ProgressModule",
        "internal_toggles": {
          "color_fgcolor": 100,
          "color_bgcolor": 0
        },
        "internal_globals": {
          "color_fgcolor": "accent",
          "color_bgcolor": "bg"
        },
        "progress_progress": "MINS",
        "progress_mode": "SHAPES",
        "style_style": "CIRCLE",
        "style_shape": "RECT",
        "style_size": 280.0,
        "style_width": 5.0,
        "style_height": 10.0,
        "internal_title": "Minutes Bars Current",
        "color_bgcolor": "#00AAAAAA",
        "color_color": "CURRENT"
      },
      {
        "internal_type": "ProgressModule",
        "internal_title": "Hours Bars Clear Bg",
        "internal_toggles": {
          "color_fgcolor": 100,
          "color_bgcolor": 100
        },
        "internal_globals": {
          "color_fgcolor": "accent",
          "color_bgcolor": "main"
        },
        "progress_progress": "H12",
        "progress_mode": "SHAPES",
        "style_style": "CIRCLE",
        "style_shape": "RECT",
        "style_size": 270.0,
        "style_width": 5.0,
        "style_height": 20.0,
        "color_mode": "CLEAR"
      },
      {
        "internal_type": "ProgressModule",
        "internal_title": "Hours Bars",
        "internal_toggles": {
          "color_fgcolor": 100,
          "color_bgcolor": 100
        },
        "internal_globals": {
          "color_fgcolor": "main",
          "color_bgcolor": "bg"
        },
        "progress_progress": "H12",
        "progress_mode": "SHAPES",
        "style_style": "CIRCLE",
        "style_shape": "RECT",
        "style_size": 270.0,
        "style_width": 5.0,
        "style_height": 20.0
      },
      {
        "internal_type": "ProgressModule",
        "internal_title": "Hours Bars Current",
        "internal_toggles": {
          "color_fgcolor": 100,
          "color_bgcolor": 0
        },
        "internal_globals": {
          "color_fgcolor": "accent",
          "color_bgcolor": "bg"
        },
        "progress_progress": "H12",
        "progress_mode": "SHAPES",
        "style_style": "CIRCLE",
        "style_shape": "RECT",
        "style_size": 270.0,
        "style_width": 5.0,
        "style_height": 20.0,
        "color_bgcolor": "#00AAAAAA",
        "color_color": "CURRENT"
      },
      {
        "internal_type": "OverlapLayerModule",
        "internal_title": "Sunrise Sunset Alarm",
        "viewgroup_items": [
          {
            "internal_type": "OverlapLayerModule",
            "internal_title": "Alarm",
            "internal_toggles": {
              "config_rotate_offset": 10
            },
            "internal_formulas": {
              "config_rotate_offset": "$360/(12*60)*(df(h, si(alarmd)) * 60 + df(m, si(alarmd)))$"
            },
            "config_rotate_mode": "MANUAL",
            "viewgroup_items": [
              {
                "internal_type": "FontIconModule",
                "internal_toggles": {
                  "paint_color": 10,
                  "icon_rotate_offset": 10
                },
                "internal_formulas": {
                  "paint_color": "$if(tf(si(alarmd), H) \u003c 12, gv(accent), gv(bg))$",
                  "icon_rotate_offset": "$-360/(12*60)*(df(h, si(alarmd)) * 60 + df(m, si(alarmd)))$"
                },
                "position_padding_bottom": 340.0,
                "icon_size": 20.0,
                "icon_icon": "access_alarm",
                "icon_rotate_mode": "MANUAL"
              },
              {
                "internal_type": "ShapeModule",
                "internal_title": "Dot",
                "position_padding_bottom": 300.0,
                "shape_type": "CIRCLE",
                "shape_width": 2.0,
                "paint_mode": "CLEAR"
              }
            ]
          },
          {
            "internal_type": "OverlapLayerModule",
            "internal_title": "Sunset",
            "internal_toggles": {
              "config_rotate_offset": 10
            },
            "internal_formulas": {
              "config_rotate_offset": "$360/(12*60)*(df(h, ai(nsunset)) * 60 + df(m, ai(nsunset)))$"
            },
            "config_rotate_mode": "MANUAL",
            "viewgroup_items": [
              {
                "internal_type": "FontIconModule",
                "internal_toggles": {
                  "paint_color": 10,
                  "icon_rotate_offset": 10
                },
                "internal_formulas": {
                  "paint_color": "$if(ai(isday), gv(accent), gv(bg))$",
                  "icon_rotate_offset": "$-360/(12*60)*(df(h, ai(nsunset)) * 60 + df(m, ai(nsunset)))$"
                },
                "position_padding_bottom": 340.0,
                "icon_size": 20.0,
                "icon_icon": "sunset",
                "icon_set": "kfile://org.kustom.provider/icons/meteo.ttf",
                "icon_rotate_mode": "MANUAL"
              },
              {
                "internal_type": "ShapeModule",
                "internal_title": "Dot",
                "position_padding_bottom": 300.0,
                "shape_type": "CIRCLE",
                "shape_width": 2.0,
                "paint_mode": "CLEAR"
              }
            ]
          },
          {
            "internal_type": "OverlapLayerModule",
            "internal_title": "Sunrise",
            "internal_toggles": {
              "config_rotate_offset": 10
            },
            "internal_formulas": {
              "config_rotate_offset": "$360/(12*60)*(df(h, ai(nsunrise)) * 60 + df(m, ai(nsunrise)))$"
            },
            "config_rotate_mode": "MANUAL",
            "viewgroup_items": [
              {
                "internal_type": "FontIconModule",
                "internal_toggles": {
                  "paint_color": 10,
                  "icon_rotate_offset": 10
                },
                "internal_formulas": {
                  "paint_color": "$if(ai(isday), gv(bg), gv(accent))$",
                  "icon_rotate_offset": "$-360/(12*60)*(df(h, ai(nsunrise)) * 60 + df(m, ai(nsunrise)))$"
                },
                "position_padding_bottom": 340.0,
                "icon_size": 20.0,
                "icon_icon": "sunrise",
                "icon_set": "kfile://org.kustom.provider/icons/meteo.ttf",
                "icon_rotate_mode": "MANUAL"
              },
              {
                "internal_type": "ShapeModule",
                "internal_title": "Dot",
                "position_padding_bottom": 300.0,
                "shape_type": "CIRCLE",
                "shape_width": 2.0,
                "paint_mode": "CLEAR"
              }
            ]
          },
          {
            "internal_type": "OverlapLayerModule",
            "internal_title": "Night Day",
            "internal_toggles": {
              "config_rotate_offset": 0
            },
            "internal_formulas": {
              "config_rotate_offset": "$360/(12*60)*(df(h, ai(nsunrise)) * 60 + df(m, ai(nsunrise)))$"
            },
            "viewgroup_items": [
              {
                "internal_type": "KomponentModule",
                "globals_list": {
                  "icon": {
                    "index": 1,
                    "type": "LIST",
                    "title": "Icon",
                    "entries": "\"$wi(icon)$\"##Current,\"$wf(icon, 0)$\"##Today Forecast,\"$wf(icon, 1)$\"##Tomorrow Forecast,\"$wf(icon, 2)$\"##2 Days Forecast,\"$wf(icon, 3)$\"##3 Days Forecast,\"$wf(icon, 4)$\"##4 Days Forecast,\"$wf(icon, 5)$\"##5 Days Forecast,\"$wf(icon, 6)$\"##6 Days Forecast,\"$wf(icon, 7)$\"##7 Days Forecast,\"$wf(icon, 8)$\"##8 Days Forecast,\"$wf(icon, 9)$\"##9 Days Forecast",
                    "value": "$wi(icon)$"
                  },
                  "nightico": {
                    "index": 2,
                    "type": "SWITCH",
                    "title": "NightIco",
                    "value": 1
                  },
                  "color": {
                    "index": 3,
                    "type": "COLOR",
                    "title": "Color",
                    "value": "#FFFFFFFF",
                    "toggles": 100,
                    "global": "main"
                  },
                  "size": {
                    "index": 4,
                    "type": "NUMBER",
                    "title": "Size",
                    "min": 10,
                    "max": 720,
                    "value": 30.0
                  }
                },
                "internal_title": "FontWeatherFilled",
                "internal_locked": "true",
                "config_scale_value": 100.0,
                "position_padding_bottom": 340.0,
                "viewgroup_items": [
                  {
                    "internal_type": "FontIconModule",
                    "internal_toggles": {
                      "icon_icon": 10,
                      "paint_color": 100,
                      "icon_size": 100
                    },
                    "internal_formulas": {
                      "icon_icon": "$if(gv(icon) \u003d CLEAR, if(ai(isday), Sun3, Moon2))$$if(gv(icon) \u003d MCLOUDY, Cloudy4)$$if(gv(icon) \u003d PCLOUDY, if(ai(isday), Cloudy3, Cloud4))$$if(gv(icon) \u003d WINDY, Windy4)$$if(gv(icon) \u003d FOG, if(ai(isday), Fogday, Fognight))$$if(gv(icon) \u003d HAIL, Snowshower2)$$if(gv(icon) \u003d SNOW, Snowy5)$$if(gv(icon) \u003d LSNOW, Snowy4)$$if(gv(icon) \u003d SLEET, Snowshower2)$$if(gv(icon) \u003d RAIN, Rainy3)$$if(gv(icon) \u003d SHOWER, Rainy4)$$if(gv(icon) \u003d TSHOWER, Lightning5)$$if(gv(icon) \u003d TSTORM, Lightning4)$$if(gv(icon) \u003d TORNADO, Tornado)$$if(gv(icon) \u003d UNKNOWN, None)$"
                    },
                    "icon_set": "kfile://org.kustom.provider/icons/meteo.ttf",
                    "icon_icon": "rainy2",
                    "internal_globals": {
                      "paint_color": "color",
                      "icon_size": "size"
                    }
                  }
                ]
              },
              {
                "internal_type": "ShapeModule",
                "internal_title": "Dot",
                "position_padding_bottom": 300.0,
                "shape_type": "CIRCLE",
                "shape_width": 2.0,
                "paint_mode": "CLEAR"
              }
            ]
          }
        ]
      }
    ]
  }
}