{
  "preset_info": {
    "archive": "kfile:////",
    "author": "Kustom Industries",
    "description": "Hours and minutes overlapping and semi transparent",
    "email": "",
    "title": "Overlap",
    "version": 7
  },
  "preset_root": {
    "internal_type": "RootLayerModule",
    "config_scale_value": 125.0,
    "globals_list": {
      "text1": {
        "index": 1,
        "type": "COLOR",
        "title": "text1",
        "value": "#99E0E0E0"
      },
      "text2": {
        "index": 2,
        "type": "COLOR",
        "title": "text2",
        "value": "#C4FFAD00"
      },
      "font": {
        "index": 3,
        "type": "FONT",
        "title": "font",
        "value": "kfile://org.kustom.provider/fonts/Roboto-Medium.ttf"
      }
    },
    "background_type": "SOLID",
    "viewgroup_items": [
      {
        "internal_type": "CurvedTextModule",
        "internal_toggles": {
          "text_family": 100,
          "paint_color": 100
        },
        "internal_globals": {
          "text_family": "font",
          "paint_color": "text1"
        },
        "position_offset_y": -80.0,
        "text_expression": "$df(hh)$",
        "text_size": 500.0,
        "text_spacing": -50.0,
        "text_ratio": -15.0,
        "position_offset_x": -40.0
      },
      {
        "internal_type": "CurvedTextModule",
        "internal_toggles": {
          "text_family": 100,
          "paint_color": 100
        },
        "internal_globals": {
          "text_family": "font",
          "paint_color": "text2"
        },
        "text_expression": "$df(mm)$",
        "text_size": 500.0,
        "text_spacing": -50.0,
        "text_ratio": -15.0,
        "position_offset_x": 40.0,
        "position_offset_y": 80.0
      }
    ]
  }
}