{
  "preset_info": {
    "archive": "kfile://org.kustom.widget.provider/widgets/ClassicDigital.kwgt.zip/",
    "author": "Kustom Industries",
    "description": "Long shadow version of the classic digital, configurable font and colors via globals ",
    "email": "",
    "title": "ShadowDigital",
    "version": 7
  },
  "preset_root": {
    "internal_type": "RootLayerModule",
    "config_scale_value": 115.0,
    "background_type": "SOLID",
    "globals_list": {
      "fg": {
        "index": 1,
        "type": "COLOR",
        "title": "fg",
        "value": "#FF272727"
      },
      "font": {
        "index": 3,
        "type": "FONT",
        "title": "font",
        "value": "kfile://org.kustom.provider/fonts/RobotoCondensed-Light.ttf"
      },
      "bg": {
        "index": 2,
        "type": "COLOR",
        "title": "bg",
        "value": "#FF6C8C8C"
      }
    },
    "viewgroup_items": [
      {
        "internal_type": "ShapeModule",
        "internal_title": "Bg",
        "shape_type": "RECT",
        "shape_width": 400.0,
        "shape_height": 600.0,
        "paint_color": "#FFEF862B",
        "internal_toggles": {
          "paint_color": 100
        },
        "internal_globals": {
          "paint_color": "bg"
        }
      },
      {
        "internal_type": "ShapeModule",
        "shape_type": "RECT",
        "shape_width": 400.0,
        "shape_height": 600.0,
        "internal_title": "Border",
        "paint_style": "STROKE",
        "paint_stroke": 10.0,
        "internal_toggles": {
          "paint_color": 100
        },
        "internal_globals": {
          "paint_color": "fg"
        }
      },
      {
        "internal_type": "OverlapLayerModule",
        "internal_title": "Text",
        "config_fx": "LONG_SHADOW_BR",
        "config_fx_fcolor": "#83000000",
        "viewgroup_items": [
          {
            "internal_type": "ShapeModule",
            "internal_title": "Padder",
            "shape_type": "RECT",
            "shape_width": 400.0,
            "shape_height": 600.0,
            "paint_color": "#00EF872B",
            "internal_toggles": {
              "paint_color": 0
            },
            "internal_globals": {
              "paint_color": "bg"
            }
          },
          {
            "internal_type": "TextModule",
            "internal_title": "Hours",
            "position_offset_x": 0.0,
            "position_offset_y": -120.0,
            "text_expression": "$df(hh)$",
            "text_size": 300.0,
            "text_family": "kfile://org.kustom.provider/fonts/Roboto-Thin.ttf",
            "internal_toggles": {
              "text_family": 100,
              "paint_color": 100
            },
            "internal_globals": {
              "text_family": "font",
              "paint_color": "fg"
            },
            "position_padding_bottom": 280.0
          },
          {
            "internal_type": "TextModule",
            "position_offset_x": 0.0,
            "position_offset_y": 120.0,
            "text_expression": "$df(mm)$",
            "text_size": 300.0,
            "internal_title": "Minutes",
            "text_family": "kfile://org.kustom.provider/fonts/Roboto-Thin.ttf",
            "internal_toggles": {
              "text_family": 100,
              "paint_color": 100
            },
            "internal_globals": {
              "text_family": "font",
              "paint_color": "fg"
            },
            "position_padding_top": 280.0
          }
        ]
      }
    ]
  }
}