{
  "preset_info": {
    "archive": "kfile://org.kustom.sdcard.000/widgets/MinimalAnalog.kwgt.zip/",
    "author": "Kustom Industries",
    "description": "Analog clock with minimal look and long drop shadow, globals with color ",
    "email": "",
    "title": "MinimalAnalog",
    "version": 7
  },
  "preset_root": {
    "internal_type": "RootLayerModule",
    "globals_list": {
      "bg": {
        "index": 1,
        "type": "COLOR",
        "title": "Bg",
        "value": "#FFFFC300"
      },
      "hands": {
        "index": 2,
        "type": "COLOR",
        "title": "Hands",
        "value": "#FF333333"
      }
    },
    "background_type": "SOLID",
    "config_scale_value": 155.0,
    "viewgroup_items": [
      {
        "internal_type": "ShapeModule",
        "internal_title": "Background",
        "internal_toggles": {
          "paint_color": 100
        },
        "internal_globals": {
          "paint_color": "bg"
        },
        "shape_type": "SQUARE",
        "shape_width": 425
      },
      {
        "internal_type": "ShapeModule",
        "internal_title": "Border",
        "internal_toggles": {
          "paint_color": 100
        },
        "internal_globals": {
          "paint_color": "hands"
        },
        "shape_type": "SQUARE",
        "shape_width": 428.0,
        "paint_style": "STROKE",
        "paint_stroke": 3.0
      },
      {
        "internal_type": "ShapeModule",
        "internal_title": "ClipShadow",
        "internal_toggles": {
          "paint_color": 100
        },
        "internal_globals": {
          "paint_color": "bg"
        },
        "shape_type": "SQUARE",
        "shape_width": 428.0,
        "fx_mask": "CLIP_NEXT"
      },
      {
        "internal_type": "OverlapLayerModule",
        "internal_title": "ClockHands",
        "config_fx": "LONG_SHADOW_BR",
        "config_fx_fcolor": "#4A000000",
        "viewgroup_items": [
          {
            "config_rotate_mode": "CLOCK_MINUTE",
            "internal_type": "OverlapLayerModule",
            "config_rotate_offset": 1,
            "position_padding_bottom": 162.0,
            "internal_title": "Minutes hand",
            "position_padding_left": 25.0,
            "position_padding_right": 25.0,
            "position_padding_top": 25.0,
            "viewgroup_items": [
              {
                "shape_width": 200,
                "position_padding_top": 20.0,
                "shape_rotate_offset": 270,
                "position_padding_left": 20.0,
                "paint_color": "#FF2C2C2C",
                "fx_shadow": "OUTER",
                "internal_type": "ShapeModule",
                "shape_height": 3.0,
                "position_padding_right": 20.0,
                "position_padding_bottom": 20.0,
                "internal_toggles": {
                  "paint_color": 100
                },
                "shape_rotate_mode": "MANUAL",
                "fx_shadow_color": "#1D000000",
                "internal_globals": {
                  "paint_color": "hands"
                },
                "shape_type": "RECT",
                "fx_shadow_direction": 133,
                "fx_shadow_blur": 1,
                "fx_shadow_distance": 3
              }
            ]
          },
          {
            "config_rotate_mode": "CLOCK_HOUR_SMOOTH",
            "internal_type": "OverlapLayerModule",
            "position_padding_bottom": 180,
            "internal_title": "Hours hand",
            "config_fx_fcolor": "#9A000000",
            "position_padding_left": 20.0,
            "position_padding_right": 20.0,
            "position_padding_top": 20.0,
            "viewgroup_items": [
              {
                "shape_width": 157.0,
                "position_padding_top": 71,
                "shape_rotate_offset": 270,
                "position_padding_left": 15,
                "paint_color": "#FF2E2E2E",
                "fx_shadow": "OUTER",
                "internal_type": "ShapeModule",
                "shape_height": 5.0,
                "position_padding_right": 15,
                "position_padding_bottom": 15,
                "internal_toggles": {
                  "paint_color": 100
                },
                "shape_rotate_mode": "MANUAL",
                "fx_shadow_color": "#1D000000",
                "internal_globals": {
                  "paint_color": "hands"
                },
                "shape_type": "RECT",
                "fx_shadow_direction": 133,
                "fx_shadow_blur": 1,
                "fx_shadow_distance": 3
              }
            ]
          },
          {
            "internal_type": "ShapeModule",
            "internal_toggles": {
              "paint_color": 100
            },
            "internal_globals": {
              "paint_color": "bg"
            },
            "shape_type": "CIRCLE",
            "shape_width": 40.0,
            "fx_shadow_color": "#7F000000",
            "fx_shadow_distance": 1,
            "fx_shadow_blur": 10.0
          },
          {
            "internal_type": "ShapeModule",
            "internal_toggles": {
              "paint_color": 100
            },
            "internal_globals": {
              "paint_color": "hands"
            },
            "shape_type": "CIRCLE",
            "shape_width": 40.0,
            "fx_shadow_color": "#7F000000",
            "fx_shadow_distance": 1,
            "fx_shadow_blur": 10.0,
            "paint_style": "STROKE"
          }
        ]
      }
    ]
  }
}