{
  "preset_info": {
    "version": 4,
    "title": "ClassroomClock",
    "description": "A complex analog clock example with a lot of configurable globals, dynamic pattern bg and date.",
    "author": "QLAB designs",
    "email": ""
  },
  "preset_root": {
    "globals_list": {
      "face": {
        "type": "COLOR",
        "value": "#FFF1F1F1",
        "index": 1,
        "title": "face"
      },
      "hourhand": {
        "type": "COLOR",
        "value": "#FF232323",
        "index": 5,
        "title": "HourHand"
      },
      "hrmrk": {
        "type": "COLOR",
        "value": "#FF000000",
        "index": 2,
        "title": "HrMrk"
      },
      "month": {
        "type": "SWITCH",
        "value": 1,
        "index": 8,
        "title": "Month"
      },
      "number": {
        "type": "COLOR",
        "value": "#FF1D1D1D",
        "index": 4,
        "title": "Number"
      },
      "datebg": {
        "type": "COLOR",
        "value": "#FFF1F1F1",
        "index": 11,
        "title": "DateBG"
      },
      "minhand": {
        "type": "COLOR",
        "value": "#FF232323",
        "index": 6,
        "title": "MinHand"
      },
      "sechand": {
        "type": "COLOR",
        "value": "#FF40AFFF",
        "index": 7,
        "title": "SecHand"
      },
      "day": {
        "type": "SWITCH",
        "value": 1,
        "index": 10,
        "title": "Day"
      },
      "minmrk": {
        "type": "COLOR",
        "value": "#FF4D4D4D",
        "index": 3,
        "title": "MinMrk"
      },
      "week": {
        "type": "SWITCH",
        "value": 1,
        "index": 9,
        "title": "Week"
      },
      "rim": {
        "type": "COLOR",
        "value": "#FF3B3B3B",
        "index": 12,
        "title": "Rim"
      }
    },
    "internal_type": "RootLayerModule",
    "background_type": "SOLID",
    "position_padding_top": 181,
    "viewgroup_items": [
      {
        "internal_type": "OverlapLayerModule",
        "internal_title": "Bg1",
        "internal_animations": {
          "48841af8b156494d": {
            "type": "SCROLL"
          }
        },
        "config_tiling": "REPEAT",
        "viewgroup_items": [
          {
            "internal_type": "ShapeModule",
            "internal_toggles": {
              "paint_color": 100
            },
            "internal_globals": {
              "paint_color": "rim"
            },
            "position_padding_left": 2,
            "position_padding_right": 2,
            "position_padding_top": 2,
            "position_padding_bottom": 2,
            "shape_type": "CIRCLE",
            "shape_width": 25
          }
        ]
      },
      {
        "internal_type": "OverlapLayerModule",
        "internal_title": "Clock Face and Date",
        "viewgroup_items": [
          {
            "internal_type": "OverlapLayerModule",
            "internal_title": "Clock Face",
            "viewgroup_items": [
              {
                "shape_width": 360,
                "internal_formulas": {
                  "fx_gradient_color": "$ce(gv(face), lum, 75)$"
                },
                "fx_gradient_width": 83,
                "internal_type": "ShapeModule",
                "internal_toggles": {
                  "fx_gradient_color": 10,
                  "paint_color": 100
                },
                "fx_shadow_color": "#FFFFFFFF",
                "internal_globals": {
                  "paint_color": "face"
                },
                "fx_gradient_offset_y": 14,
                "fx_gradient_offset_x": 14,
                "fx_gradient_offset": 80,
                "shape_type": "CIRCLE",
                "fx_shadow_direction": 0,
                "internal_title": "Clock Face",
                "fx_shadow_blur": 1,
                "fx_shadow_distance": 1
              }
            ]
          },
          {
            "internal_type": "OverlapLayerModule",
            "internal_title": "Date Windows",
            "viewgroup_items": [
              {
                "internal_toggles": {
                  "config_visible": 10
                },
                "internal_formulas": {
                  "config_visible": "$if(gv(day)=1, ALWAYS, NEVER)$"
                },
                "internal_type": "OverlapLayerModule",
                "internal_title": "Day",
                "viewgroup_items": [
                  {
                    "shape_width": 28,
                    "position_padding_left": 202,
                    "fx_gradient_width": 75,
                    "internal_type": "ShapeModule",
                    "internal_toggles": {
                      "paint_color": 100
                    },
                    "fx_gradient_color": "#FF9B9B9B",
                    "internal_globals": {
                      "paint_color": "datebg"
                    },
                    "fx_gradient_offset": 75,
                    "shape_type": "SQUARE"
                  },
                  {
                    "shape_width": 28,
                    "position_padding_left": 202,
                    "paint_color": "#00FFFFFF",
                    "fx_gradient_width": 75,
                    "internal_type": "ShapeModule",
                    "fx_gradient": "VERTICAL",
                    "fx_gradient_color": "#7E000000",
                    "paint_mode": "DARKEN",
                    "fx_gradient_offset": 75,
                    "shape_type": "SQUARE"
                  },
                  {
                    "position_padding_left": 202,
                    "text_expression": "$df(dd)$",
                    "internal_type": "TextModule",
                    "internal_toggles": {
                      "paint_color": 100
                    },
                    "internal_globals": {
                      "paint_color": "number"
                    }
                  },
                  {
                    "paint_style": "STROKE",
                    "shape_width": 28,
                    "position_padding_left": 202,
                    "paint_color": "#FF2A2A2A",
                    "internal_type": "ShapeModule",
                    "shape_type": "SQUARE"
                  }
                ]
              },
              {
                "internal_toggles": {
                  "config_visible": 10
                },
                "internal_formulas": {
                  "config_visible": "$if(gv(week)=1, ALWAYS, NEVER)$"
                },
                "internal_type": "OverlapLayerModule",
                "internal_title": "Week",
                "viewgroup_items": [
                  {
                    "shape_width": 28,
                    "position_padding_left": 147,
                    "fx_gradient_width": 75,
                    "internal_type": "ShapeModule",
                    "internal_toggles": {
                      "paint_color": 100
                    },
                    "fx_gradient_color": "#FF9B9B9B",
                    "internal_globals": {
                      "paint_color": "datebg"
                    },
                    "fx_gradient_offset": 75,
                    "shape_type": "SQUARE"
                  },
                  {
                    "shape_width": 28,
                    "position_padding_left": 147,
                    "paint_color": "#00FFFFFF",
                    "fx_gradient_width": 75,
                    "internal_type": "ShapeModule",
                    "fx_gradient": "VERTICAL",
                    "fx_gradient_color": "#7E000000",
                    "paint_mode": "DARKEN",
                    "fx_gradient_offset": 75,
                    "shape_type": "SQUARE"
                  },
                  {
                    "text_size": 12,
                    "position_padding_left": 147,
                    "text_expression": "$tc(up, df(E))$",
                    "internal_type": "TextModule",
                    "internal_toggles": {
                      "paint_color": 100
                    },
                    "internal_globals": {
                      "paint_color": "number"
                    }
                  },
                  {
                    "paint_style": "STROKE",
                    "shape_width": 28,
                    "position_padding_left": 147,
                    "paint_color": "#FF2A2A2A",
                    "internal_type": "ShapeModule",
                    "shape_type": "SQUARE"
                  }
                ]
              },
              {
                "internal_toggles": {
                  "config_visible": 10
                },
                "internal_formulas": {
                  "config_visible": "$if(gv(month)=1, ALWAYS, NEVER)$"
                },
                "internal_type": "OverlapLayerModule",
                "internal_title": "Month",
                "viewgroup_items": [
                  {
                    "shape_width": 28,
                    "fx_gradient_width": 75,
                    "internal_type": "ShapeModule",
                    "position_padding_right": 202,
                    "internal_toggles": {
                      "paint_color": 100
                    },
                    "fx_gradient_color": "#FF9B9B9B",
                    "internal_globals": {
                      "paint_color": "datebg"
                    },
                    "fx_gradient_offset": 75,
                    "shape_type": "SQUARE"
                  },
                  {
                    "shape_width": 28,
                    "paint_color": "#00FFFFFF",
                    "fx_gradient_width": 75,
                    "internal_type": "ShapeModule",
                    "position_padding_right": 202,
                    "fx_gradient": "VERTICAL",
                    "fx_gradient_color": "#7E000000",
                    "paint_mode": "DARKEN",
                    "fx_gradient_offset": 75,
                    "shape_type": "SQUARE"
                  },
                  {
                    "text_size": 12,
                    "text_expression": "$tc(up, df(MMM))$",
                    "internal_type": "TextModule",
                    "position_padding_right": 202,
                    "internal_toggles": {
                      "paint_color": 100
                    },
                    "internal_globals": {
                      "paint_color": "number"
                    }
                  },
                  {
                    "paint_style": "STROKE",
                    "shape_width": 28,
                    "paint_color": "#FF2A2A2A",
                    "internal_type": "ShapeModule",
                    "position_padding_right": 202,
                    "shape_type": "SQUARE"
                  }
                ]
              }
            ]
          },
          {
            "internal_type": "OverlapLayerModule",
            "internal_title": "Markers",
            "viewgroup_items": [
              {
                "config_rotate_mode": "MANUAL",
                "internal_toggles": {
                  "config_rotate_offset": 10
                },
                "internal_formulas": {
                  "config_rotate_offset": "$360\/12*0$"
                },
                "internal_type": "OverlapLayerModule",
                "viewgroup_items": [
                  {
                    "shape_width": 6,
                    "paint_color": "#FF1F1F1F",
                    "internal_formulas": {
                      "shape_rotate_offset": "$360\/12*0$"
                    },
                    "internal_type": "ShapeModule",
                    "position_padding_bottom": 328,
                    "internal_toggles": {
                      "shape_rotate_offset": 10,
                      "paint_color": 100
                    },
                    "shape_rotate_mode": "MANUAL",
                    "internal_globals": {
                      "paint_color": "hrmrk"
                    },
                    "shape_type": "CIRCLE"
                  },
                  {
                    "text_size": 36,
                    "internal_formulas": {
                      "text_rotate_offset": "$360\/12*-0$"
                    },
                    "text_expression": "12",
                    "internal_type": "TextModule",
                    "position_padding_bottom": 280,
                    "text_family": "kfile:\/\/org.kustom.provider\/fonts\/Roboto-Medium.ttf",
                    "text_rotate_mode": "MANUAL",
                    "internal_toggles": {
                      "paint_color": 100,
                      "text_rotate_offset": 10
                    },
                    "internal_globals": {
                      "paint_color": "number"
                    }
                  }
                ]
              },
              {
                "config_rotate_mode": "MANUAL",
                "internal_toggles": {
                  "config_rotate_offset": 10
                },
                "internal_formulas": {
                  "config_rotate_offset": "$360\/12*1$"
                },
                "internal_type": "OverlapLayerModule",
                "viewgroup_items": [
                  {
                    "shape_width": 6,
                    "paint_color": "#FF1F1F1F",
                    "internal_formulas": {
                      "shape_rotate_offset": "$360\/12*0$"
                    },
                    "internal_type": "ShapeModule",
                    "position_padding_bottom": 328,
                    "internal_toggles": {
                      "shape_rotate_offset": 10,
                      "paint_color": 100
                    },
                    "shape_rotate_mode": "MANUAL",
                    "internal_globals": {
                      "paint_color": "hrmrk"
                    },
                    "shape_type": "CIRCLE"
                  },
                  {
                    "text_size": 36,
                    "internal_formulas": {
                      "text_rotate_offset": "$360\/12*-1$"
                    },
                    "text_expression": "1",
                    "internal_type": "TextModule",
                    "position_padding_bottom": 280,
                    "text_family": "kfile:\/\/org.kustom.provider\/fonts\/Roboto-Medium.ttf",
                    "text_rotate_mode": "MANUAL",
                    "internal_toggles": {
                      "paint_color": 100,
                      "text_rotate_offset": 10
                    },
                    "internal_globals": {
                      "paint_color": "number"
                    }
                  }
                ]
              },
              {
                "config_rotate_mode": "MANUAL",
                "internal_toggles": {
                  "config_rotate_offset": 10
                },
                "internal_formulas": {
                  "config_rotate_offset": "$360\/12*2$"
                },
                "internal_type": "OverlapLayerModule",
                "viewgroup_items": [
                  {
                    "shape_width": 6,
                    "paint_color": "#FF1F1F1F",
                    "internal_formulas": {
                      "shape_rotate_offset": "$360\/12*0$"
                    },
                    "internal_type": "ShapeModule",
                    "position_padding_bottom": 328,
                    "internal_toggles": {
                      "shape_rotate_offset": 10,
                      "paint_color": 100
                    },
                    "shape_rotate_mode": "MANUAL",
                    "internal_globals": {
                      "paint_color": "hrmrk"
                    },
                    "shape_type": "CIRCLE"
                  },
                  {
                    "text_size": 36,
                    "internal_formulas": {
                      "text_rotate_offset": "$360\/12*-2$"
                    },
                    "text_expression": "2",
                    "internal_type": "TextModule",
                    "position_padding_bottom": 280,
                    "text_family": "kfile:\/\/org.kustom.provider\/fonts\/Roboto-Medium.ttf",
                    "text_rotate_mode": "MANUAL",
                    "internal_toggles": {
                      "paint_color": 100,
                      "text_rotate_offset": 10
                    },
                    "internal_globals": {
                      "paint_color": "number"
                    }
                  }
                ]
              },
              {
                "config_rotate_mode": "MANUAL",
                "internal_toggles": {
                  "config_rotate_offset": 10
                },
                "internal_formulas": {
                  "config_rotate_offset": "$360\/12*3$"
                },
                "internal_type": "OverlapLayerModule",
                "viewgroup_items": [
                  {
                    "shape_width": 8,
                    "paint_color": "#FF1F1F1F",
                    "internal_formulas": {
                      "shape_rotate_offset": "$360\/12*0$"
                    },
                    "internal_type": "ShapeModule",
                    "position_padding_bottom": 328,
                    "internal_toggles": {
                      "shape_rotate_offset": 10,
                      "paint_color": 100
                    },
                    "shape_rotate_mode": "MANUAL",
                    "internal_globals": {
                      "paint_color": "hrmrk"
                    },
                    "shape_type": "CIRCLE"
                  },
                  {
                    "text_size": 36,
                    "internal_formulas": {
                      "text_rotate_offset": "$360\/12*-3$"
                    },
                    "text_expression": "3",
                    "internal_type": "TextModule",
                    "position_padding_bottom": 280,
                    "text_family": "kfile:\/\/org.kustom.provider\/fonts\/Roboto-Medium.ttf",
                    "text_rotate_mode": "MANUAL",
                    "internal_toggles": {
                      "paint_color": 100,
                      "text_rotate_offset": 10
                    },
                    "internal_globals": {
                      "paint_color": "number"
                    }
                  }
                ]
              },
              {
                "config_rotate_mode": "MANUAL",
                "internal_toggles": {
                  "config_rotate_offset": 10
                },
                "internal_formulas": {
                  "config_rotate_offset": "$360\/12*4$"
                },
                "internal_type": "OverlapLayerModule",
                "viewgroup_items": [
                  {
                    "shape_width": 8,
                    "paint_color": "#FF1F1F1F",
                    "internal_formulas": {
                      "shape_rotate_offset": "$360\/12*0$"
                    },
                    "internal_type": "ShapeModule",
                    "position_padding_bottom": 328,
                    "internal_toggles": {
                      "shape_rotate_offset": 10,
                      "paint_color": 100
                    },
                    "shape_rotate_mode": "MANUAL",
                    "internal_globals": {
                      "paint_color": "hrmrk"
                    },
                    "shape_type": "CIRCLE"
                  },
                  {
                    "text_size": 36,
                    "internal_formulas": {
                      "text_rotate_offset": "$360\/12*-4$"
                    },
                    "text_expression": "4",
                    "internal_type": "TextModule",
                    "position_padding_bottom": 280,
                    "text_family": "kfile:\/\/org.kustom.provider\/fonts\/Roboto-Medium.ttf",
                    "text_rotate_mode": "MANUAL",
                    "internal_toggles": {
                      "paint_color": 100,
                      "text_rotate_offset": 10
                    },
                    "internal_globals": {
                      "paint_color": "number"
                    }
                  }
                ]
              },
              {
                "config_rotate_mode": "MANUAL",
                "internal_toggles": {
                  "config_rotate_offset": 10
                },
                "internal_formulas": {
                  "config_rotate_offset": "$360\/12*5$"
                },
                "internal_type": "OverlapLayerModule",
                "viewgroup_items": [
                  {
                    "shape_width": 8,
                    "paint_color": "#FF1F1F1F",
                    "internal_formulas": {
                      "shape_rotate_offset": "$360\/12*0$"
                    },
                    "internal_type": "ShapeModule",
                    "position_padding_bottom": 328,
                    "internal_toggles": {
                      "shape_rotate_offset": 10,
                      "paint_color": 100
                    },
                    "shape_rotate_mode": "MANUAL",
                    "internal_globals": {
                      "paint_color": "hrmrk"
                    },
                    "shape_type": "CIRCLE"
                  },
                  {
                    "text_size": 36,
                    "internal_formulas": {
                      "text_rotate_offset": "$360\/12*-5$"
                    },
                    "text_expression": "5",
                    "internal_type": "TextModule",
                    "position_padding_bottom": 280,
                    "text_family": "kfile:\/\/org.kustom.provider\/fonts\/Roboto-Medium.ttf",
                    "text_rotate_mode": "MANUAL",
                    "internal_toggles": {
                      "paint_color": 100,
                      "text_rotate_offset": 10
                    },
                    "internal_globals": {
                      "paint_color": "number"
                    }
                  }
                ]
              },
              {
                "config_rotate_mode": "MANUAL",
                "internal_toggles": {
                  "config_rotate_offset": 10
                },
                "internal_formulas": {
                  "config_rotate_offset": "$360\/12*6$"
                },
                "internal_type": "OverlapLayerModule",
                "viewgroup_items": [
                  {
                    "shape_width": 8,
                    "paint_color": "#FF1F1F1F",
                    "internal_formulas": {
                      "shape_rotate_offset": "$360\/12*0$"
                    },
                    "internal_type": "ShapeModule",
                    "position_padding_bottom": 328,
                    "internal_toggles": {
                      "shape_rotate_offset": 10,
                      "paint_color": 100
                    },
                    "shape_rotate_mode": "MANUAL",
                    "internal_globals": {
                      "paint_color": "hrmrk"
                    },
                    "shape_type": "CIRCLE"
                  },
                  {
                    "text_size": 36,
                    "internal_formulas": {
                      "text_rotate_offset": "$360\/12*-6$"
                    },
                    "text_expression": "6",
                    "internal_type": "TextModule",
                    "position_padding_bottom": 280,
                    "text_family": "kfile:\/\/org.kustom.provider\/fonts\/Roboto-Medium.ttf",
                    "text_rotate_mode": "MANUAL",
                    "internal_toggles": {
                      "paint_color": 100,
                      "text_rotate_offset": 10
                    },
                    "internal_globals": {
                      "paint_color": "number"
                    }
                  }
                ]
              },
              {
                "config_rotate_mode": "MANUAL",
                "internal_toggles": {
                  "config_rotate_offset": 10
                },
                "internal_formulas": {
                  "config_rotate_offset": "$360\/12*7$"
                },
                "internal_type": "OverlapLayerModule",
                "viewgroup_items": [
                  {
                    "shape_width": 8,
                    "paint_color": "#FF1F1F1F",
                    "internal_formulas": {
                      "shape_rotate_offset": "$360\/12*0$"
                    },
                    "internal_type": "ShapeModule",
                    "position_padding_bottom": 328,
                    "internal_toggles": {
                      "shape_rotate_offset": 10,
                      "paint_color": 100
                    },
                    "shape_rotate_mode": "MANUAL",
                    "internal_globals": {
                      "paint_color": "hrmrk"
                    },
                    "shape_type": "CIRCLE"
                  },
                  {
                    "text_size": 36,
                    "internal_formulas": {
                      "text_rotate_offset": "$360\/12*-7$"
                    },
                    "text_expression": "7",
                    "internal_type": "TextModule",
                    "position_padding_bottom": 280,
                    "text_family": "kfile:\/\/org.kustom.provider\/fonts\/Roboto-Medium.ttf",
                    "text_rotate_mode": "MANUAL",
                    "internal_toggles": {
                      "paint_color": 100,
                      "text_rotate_offset": 10
                    },
                    "internal_globals": {
                      "paint_color": "number"
                    }
                  }
                ]
              },
              {
                "config_rotate_mode": "MANUAL",
                "internal_toggles": {
                  "config_rotate_offset": 10
                },
                "internal_formulas": {
                  "config_rotate_offset": "$360\/12*8$"
                },
                "internal_type": "OverlapLayerModule",
                "viewgroup_items": [
                  {
                    "shape_width": 8,
                    "paint_color": "#FF1F1F1F",
                    "internal_formulas": {
                      "shape_rotate_offset": "$360\/12*0$"
                    },
                    "internal_type": "ShapeModule",
                    "position_padding_bottom": 328,
                    "internal_toggles": {
                      "shape_rotate_offset": 10,
                      "paint_color": 100
                    },
                    "shape_rotate_mode": "MANUAL",
                    "internal_globals": {
                      "paint_color": "hrmrk"
                    },
                    "shape_type": "CIRCLE"
                  },
                  {
                    "text_size": 36,
                    "internal_formulas": {
                      "text_rotate_offset": "$360\/12*-8$"
                    },
                    "text_expression": "8",
                    "internal_type": "TextModule",
                    "position_padding_bottom": 280,
                    "text_family": "kfile:\/\/org.kustom.provider\/fonts\/Roboto-Medium.ttf",
                    "text_rotate_mode": "MANUAL",
                    "internal_toggles": {
                      "paint_color": 100,
                      "text_rotate_offset": 10
                    },
                    "internal_globals": {
                      "paint_color": "number"
                    }
                  }
                ]
              },
              {
                "config_rotate_mode": "MANUAL",
                "internal_toggles": {
                  "config_rotate_offset": 10
                },
                "internal_formulas": {
                  "config_rotate_offset": "$360\/12*9$"
                },
                "internal_type": "OverlapLayerModule",
                "viewgroup_items": [
                  {
                    "shape_width": 8,
                    "paint_color": "#FF1F1F1F",
                    "internal_formulas": {
                      "shape_rotate_offset": "$360\/12*0$"
                    },
                    "internal_type": "ShapeModule",
                    "position_padding_bottom": 328,
                    "internal_toggles": {
                      "shape_rotate_offset": 10,
                      "paint_color": 100
                    },
                    "shape_rotate_mode": "MANUAL",
                    "internal_globals": {
                      "paint_color": "hrmrk"
                    },
                    "shape_type": "CIRCLE"
                  },
                  {
                    "text_size": 36,
                    "internal_formulas": {
                      "text_rotate_offset": "$360\/12*-9$"
                    },
                    "text_expression": "9",
                    "internal_type": "TextModule",
                    "position_padding_bottom": 280,
                    "text_family": "kfile:\/\/org.kustom.provider\/fonts\/Roboto-Medium.ttf",
                    "text_rotate_mode": "MANUAL",
                    "internal_toggles": {
                      "paint_color": 100,
                      "text_rotate_offset": 10
                    },
                    "internal_globals": {
                      "paint_color": "number"
                    }
                  }
                ]
              },
              {
                "config_rotate_mode": "MANUAL",
                "internal_toggles": {
                  "config_rotate_offset": 10
                },
                "internal_formulas": {
                  "config_rotate_offset": "$360\/12*10$"
                },
                "internal_type": "OverlapLayerModule",
                "viewgroup_items": [
                  {
                    "shape_width": 8,
                    "paint_color": "#FF1F1F1F",
                    "internal_formulas": {
                      "shape_rotate_offset": "$360\/12*0$"
                    },
                    "internal_type": "ShapeModule",
                    "position_padding_bottom": 328,
                    "internal_toggles": {
                      "shape_rotate_offset": 10,
                      "paint_color": 100
                    },
                    "shape_rotate_mode": "MANUAL",
                    "internal_globals": {
                      "paint_color": "hrmrk"
                    },
                    "shape_type": "CIRCLE"
                  },
                  {
                    "text_size": 36,
                    "internal_formulas": {
                      "text_rotate_offset": "$360\/12*-10$"
                    },
                    "text_expression": " 10",
                    "internal_type": "TextModule",
                    "position_padding_bottom": 280,
                    "text_family": "kfile:\/\/org.kustom.provider\/fonts\/Roboto-Medium.ttf",
                    "text_rotate_mode": "MANUAL",
                    "internal_toggles": {
                      "paint_color": 100,
                      "text_rotate_offset": 10
                    },
                    "internal_globals": {
                      "paint_color": "number"
                    }
                  }
                ]
              },
              {
                "config_rotate_mode": "MANUAL",
                "internal_toggles": {
                  "config_rotate_offset": 10
                },
                "internal_formulas": {
                  "config_rotate_offset": "$360\/12*11$"
                },
                "internal_type": "OverlapLayerModule",
                "viewgroup_items": [
                  {
                    "shape_width": 8,
                    "paint_color": "#FF1F1F1F",
                    "internal_formulas": {
                      "shape_rotate_offset": "$360\/12*0$"
                    },
                    "internal_type": "ShapeModule",
                    "position_padding_bottom": 328,
                    "internal_toggles": {
                      "shape_rotate_offset": 10,
                      "paint_color": 100
                    },
                    "shape_rotate_mode": "MANUAL",
                    "internal_globals": {
                      "paint_color": "hrmrk"
                    },
                    "shape_type": "CIRCLE"
                  },
                  {
                    "text_size": 36,
                    "internal_formulas": {
                      "text_rotate_offset": "$360\/12*-11$"
                    },
                    "text_expression": "11",
                    "internal_type": "TextModule",
                    "position_padding_bottom": 280,
                    "text_family": "kfile:\/\/org.kustom.provider\/fonts\/Roboto-Medium.ttf",
                    "text_rotate_mode": "MANUAL",
                    "internal_toggles": {
                      "paint_color": 100,
                      "text_rotate_offset": 10
                    },
                    "internal_globals": {
                      "paint_color": "number"
                    }
                  }
                ]
              }
            ]
          },
          {
            "shape_width": 360,
            "position_padding_top": 10,
            "position_padding_left": 10,
            "paint_color": "#00FFFFFF",
            "fx_shadow": "OUTER",
            "internal_formulas": {
              "fx_gradient_color": "$ce(gv(face), lum, 75)$"
            },
            "fx_gradient_width": 83,
            "internal_type": "ShapeModule",
            "position_padding_right": 10,
            "position_padding_bottom": 10,
            "fx_gradient": "RADIAL",
            "internal_toggles": {
              "fx_gradient_color": 0,
              "paint_color": 0
            },
            "fx_shadow_color": "#FFFFFFFF",
            "fx_gradient_color": "#36000000",
            "internal_globals": {
              "paint_color": "face"
            },
            "fx_gradient_offset_y": 14,
            "fx_gradient_offset_x": 14,
            "paint_mode": "DARKEN",
            "fx_gradient_offset": 85,
            "shape_type": "CIRCLE",
            "fx_shadow_direction": 0,
            "internal_title": "Face Shadow",
            "fx_shadow_blur": 1,
            "fx_shadow_distance": 1
          },
          {
            "internal_type": "OverlapLayerModule",
            "internal_title": "Clock Rim",
            "viewgroup_items": [
              {
                "paint_style": "STROKE",
                "shape_width": 360,
                "position_padding_top": 10,
                "paint_color": "#FF3D3D3D",
                "position_padding_left": 10,
                "internal_type": "ShapeModule",
                "position_padding_right": 10,
                "position_padding_bottom": 10,
                "internal_toggles": {
                  "paint_color": 100
                },
                "fx_shadow_color": "#00000000",
                "fx_gradient_color": "#58000000",
                "internal_globals": {
                  "paint_color": "rim"
                },
                "paint_stroke": 10,
                "shape_type": "CIRCLE",
                "fx_shadow_direction": 0,
                "internal_title": "Clock Face Rim",
                "fx_shadow_blur": 1,
                "fx_shadow_distance": 1
              },
              {
                "paint_style": "STROKE",
                "shape_width": 360,
                "position_padding_top": 10,
                "paint_color": "#00000000",
                "position_padding_left": 10,
                "fx_shadow": "OUTER",
                "fx_gradient_width": 70,
                "internal_type": "ShapeModule",
                "position_padding_right": 10,
                "position_padding_bottom": 10,
                "fx_gradient": "RADIAL",
                "fx_shadow_color": "#00000000",
                "fx_gradient_color": "#3D000000",
                "fx_gradient_offset_y": 0,
                "paint_stroke": 10,
                "paint_mode": "DARKEN",
                "fx_gradient_offset_x": 0,
                "fx_gradient_offset": 70,
                "shape_type": "CIRCLE",
                "fx_shadow_direction": 0,
                "internal_title": "Clock Face Rim Gradient",
                "fx_shadow_blur": 1,
                "fx_shadow_distance": 1
              },
              {
                "paint_style": "STROKE",
                "shape_width": 351,
                "paint_color": "#9C000000",
                "fx_gradient_width": 70,
                "internal_type": "ShapeModule",
                "fx_gradient": "RADIAL",
                "internal_toggles": {
                  "fx_shadow_blur": 10,
                  "fx_shadow_distance": 10,
                  "fx_shadow_direction": 10
                },
                "fx_gradient_color": "#9CFFFFFF",
                "fx_gradient_offset_y": 0,
                "fx_gradient_offset_x": 0,
                "fx_gradient_offset": 70,
                "shape_type": "CIRCLE",
                "fx_shadow_direction": 0,
                "internal_title": "Rim Highlight",
                "fx_shadow_blur": 1,
                "fx_shadow_distance": 1
              },
              {
                "paint_style": "STROKE",
                "shape_width": 369,
                "paint_color": "#9CFFFFFF",
                "fx_gradient_width": 70,
                "internal_type": "ShapeModule",
                "fx_gradient": "RADIAL",
                "fx_gradient_color": "#9C000000",
                "fx_gradient_offset_y": 0,
                "fx_gradient_offset_x": 0,
                "fx_gradient_offset": 70,
                "shape_type": "CIRCLE",
                "internal_title": "Rim Highlight"
              }
            ]
          }
        ]
      },
      {
        "internal_type": "OverlapLayerModule",
        "internal_title": "Clock Arms",
        "viewgroup_items": [
          {
            "shape_width": 390,
            "paint_color": "#00000000",
            "fx_gradient_width": 70,
            "internal_type": "ShapeModule",
            "fx_gradient_color": "#9C000000",
            "fx_gradient_offset_y": 0,
            "fx_gradient_offset_x": 0,
            "fx_gradient_offset": 70,
            "shape_type": "CIRCLE",
            "internal_title": "Rim Highlight"
          },
          {
            "shape_width": 19,
            "paint_color": "#FF1A1A1A",
            "internal_type": "ShapeModule",
            "internal_toggles": {
              "paint_color": 100
            },
            "internal_globals": {
              "paint_color": "hourhand"
            },
            "shape_type": "CIRCLE",
            "internal_title": "Bottom Cap"
          },
          {
            "config_rotate_mode": "CLOCK_HOUR_SMOOTH",
            "internal_type": "OverlapLayerModule",
            "internal_title": "Hour",
            "viewgroup_items": [
              {
                "shape_width": 11,
                "paint_color": "#FF2D2D2D",
                "internal_type": "ShapeModule",
                "shape_height": 112,
                "position_padding_bottom": 112,
                "internal_toggles": {
                  "paint_color": 100
                },
                "internal_globals": {
                  "paint_color": "hourhand"
                },
                "shape_corners": 5,
                "shape_type": "RECT"
              },
              {
                "shape_width": 31,
                "paint_color": "#00658AEE",
                "internal_type": "ShapeModule",
                "shape_height": 310,
                "shape_type": "RECT",
                "internal_title": "Bounding Box"
              }
            ]
          },
          {
            "config_rotate_mode": "CLOCK_MINUTE_SMOOTH",
            "internal_type": "OverlapLayerModule",
            "internal_title": "Minute",
            "viewgroup_items": [
              {
                "shape_width": 7,
                "paint_color": "#FF565656",
                "internal_type": "ShapeModule",
                "shape_height": 155,
                "position_padding_bottom": 155,
                "internal_toggles": {
                  "paint_color": 100
                },
                "internal_globals": {
                  "paint_color": "minhand"
                },
                "shape_corners": 3,
                "shape_type": "RECT"
              }
            ]
          },
          {
            "config_rotate_mode": "CLOCK_SECOND",
            "internal_type": "OverlapLayerModule",
            "internal_title": "Second",
            "viewgroup_items": [
              {
                "shape_width": 3,
                "paint_color": "#FFFF3F3F",
                "internal_type": "ShapeModule",
                "shape_height": 155,
                "position_padding_bottom": 155,
                "internal_toggles": {
                  "paint_color": 100
                },
                "internal_globals": {
                  "paint_color": "sechand"
                },
                "shape_corners": 2,
                "shape_type": "RECT"
              },
              {
                "shape_width": 6,
                "position_padding_top": 60,
                "paint_color": "#FFFF3F3F",
                "internal_type": "ShapeModule",
                "shape_height": 60,
                "internal_toggles": {
                  "paint_color": 100
                },
                "internal_globals": {
                  "paint_color": "sechand"
                },
                "paint_stroke": 2,
                "shape_corners": 2,
                "shape_type": "RECT"
              },
              {
                "shape_width": 31,
                "paint_color": "#00658AEE",
                "internal_type": "ShapeModule",
                "shape_height": 310,
                "shape_type": "RECT",
                "internal_title": "Bounding Box"
              }
            ]
          },
          {
            "shape_width": 13,
            "paint_color": "#FFFF3F3F",
            "internal_type": "ShapeModule",
            "shape_height": 60,
            "internal_toggles": {
              "paint_color": 100
            },
            "internal_globals": {
              "paint_color": "sechand"
            },
            "shape_corners": 2,
            "shape_type": "CIRCLE",
            "internal_title": "TopCap"
          }
        ]
      }
    ]
  }
}