{
  "preset_info": {
    "archive": "kfile:////",
    "author": "Kustom Industries",
    "description": "A rounded progress bar with battery stats",
    "email": "",
    "title": "CircularBattery",
    "version": 7
  },
  "preset_root": {
    "internal_type": "RootLayerModule",
    "background_type": "SOLID",
    "config_scale_value": 125.0,
    "globals_list": {
      "bg": {
        "index": 1,
        "type": "COLOR",
        "title": "bg",
        "value": "#FFFFFFFF"
      },
      "progress": {
        "index": 2,
        "type": "COLOR",
        "title": "progress",
        "value": "#FFFF4084"
      },
      "dot": {
        "index": 3,
        "type": "COLOR",
        "title": "dot",
        "value": "#FFFFFFFF"
      },
      "txt": {
        "index": 4,
        "type": "COLOR",
        "title": "txt",
        "value": "#FFFFFFFF"
      },
      "font": {
        "index": 5,
        "type": "FONT",
        "title": "font",
        "value": "kfile://org.kustom.provider/fonts/Roboto-Thin.ttf"
      }
    },
    "viewgroup_items": [
      {
        "internal_type": "OverlapLayerModule",
        "internal_title": "Progress",
        "viewgroup_items": [
          {
            "internal_type": "ShapeModule",
            "shape_type": "SLICE",
            "shape_width": 550,
            "internal_toggles": {
              "paint_color": 100,
              "fx_gradient_color": 10,
              "shape_angle": 10
            },
            "internal_formulas": {
              "fx_gradient_color": "$ce(gv(base), lum, 20)$",
              "shape_angle": "$360/100*bi(level)$",
              "paint_color": "$ce(gv(base), lum, 90)$"
            },
            "internal_globals": {
              "paint_color": "progress"
            },
            "shape_height": 8,
            "internal_title": "progress",
            "paint_color": "#FFFF4082"
          },
          {
            "internal_type": "ShapeModule",
            "shape_type": "SLICE",
            "shape_width": 550,
            "internal_toggles": {
              "paint_color": 100,
              "fx_gradient_color": 10,
              "shape_angle": 10,
              "shape_rotate_offset": 10
            },
            "internal_formulas": {
              "fx_gradient_color": "$ce(gv(base), lum, 20)$",
              "shape_angle": "$360/100*(100-bi(level))$",
              "paint_color": "$ce(gv(base), lum, 90)$",
              "shape_rotate_offset": "$360/100*bi(level)$"
            },
            "internal_globals": {
              "paint_color": "bg"
            },
            "shape_height": 8,
            "shape_rotate_mode": "MANUAL",
            "internal_title": "background"
          },
          {
            "internal_type": "OverlapLayerModule",
            "config_rotate_mode": "MANUAL",
            "internal_title": "dot",
            "internal_toggles": {
              "config_rotate_offset": 10
            },
            "internal_formulas": {
              "config_rotate_offset": "$360/100*bi(level)$"
            },
            "viewgroup_items": [
              {
                "internal_type": "ShapeModule",
                "shape_type": "CIRCLE",
                "shape_width": 25,
                "position_padding_bottom": 540,
                "shape_height": 264,
                "internal_toggles": {
                  "paint_color": 100
                },
                "internal_globals": {
                  "paint_color": "dot"
                }
              }
            ]
          }
        ]
      },
      {
        "internal_type": "TextModule",
        "internal_toggles": {
          "text_family": 100,
          "paint_color": 100
        },
        "internal_globals": {
          "text_family": "font",
          "paint_color": "txt"
        },
        "text_expression": "$bi(level)$[s\u003d.6]%[/s]",
        "text_size": 220.0,
        "text_align": "CENTER",
        "text_size_type": "SINGLE_FIXED_WIDTH",
        "text_width": 440
      },
      {
        "internal_type": "TextModule",
        "internal_toggles": {
          "text_family": 100,
          "paint_color": 100
        },
        "internal_globals": {
          "text_family": "font",
          "paint_color": "txt"
        },
        "text_expression": "left ~[b]$tf(bi(fullempty), H)$[/b]h[b]$tf(bi(fullempty), m)$[/b]m",
        "text_size": 50,
        "text_align": "CENTER",
        "position_offset_y": 140.0,
        "text_size_type": "SINGLE_FIXED_WIDTH",
        "text_width": 180.0
      }
    ]
  }
}