{
  "preset_info": {
    "archive": "kfile:////",
    "author": "Kustom Industries ",
    "description": "Simple shaded clock",
    "email": "",
    "height": 567,
    "title": "Shade",
    "version": 9,
    "width": 816
  },
  "preset_root": {
    "internal_type": "RootLayerModule",
    "internal_events": [
      {
        "action": "KUSTOM_ACTION"
      }
    ],
    "config_scale_value": 200.0,
    "globals_list": {
      "bg": {
        "index": 1,
        "type": "COLOR",
        "title": "Bg",
        "value": "#FFFFFFFF"
      },
      "text": {
        "index": 2,
        "type": "COLOR",
        "title": "Text",
        "value": "#FF262626"
      },
      "font": {
        "index": 3,
        "type": "FONT",
        "title": "Font",
        "value": "kfile://org.kustom.provider/fonts/RobotoSlab-Thin.ttf"
      }
    },
    "viewgroup_items": [
      {
        "internal_type": "ShapeModule",
        "shape_type": "RECT",
        "shape_width": 420.0,
        "shape_height": 240.0,
        "fx_shadow": "OUTER",
        "fx_shadow_direction": 270.0,
        "fx_shadow_distance": 10.0,
        "fx_shadow_blur": 100,
        "internal_toggles": {
          "paint_color": 100
        },
        "internal_globals": {
          "paint_color": "bg"
        },
        "position_padding_left": 0.0,
        "position_padding_right": 0.0,
        "position_padding_top": 0.0,
        "position_padding_bottom": 0.0,
        "internal_title": "Bg",
        "position_offset_y": 10.0
      },
      {
        "internal_type": "ShapeModule",
        "position_padding_bottom": 0.0,
        "shape_type": "RECT",
        "shape_width": 420.0,
        "shape_height": 120.0,
        "paint_color": "#0C000000",
        "internal_title": "Shade",
        "position_offset_y": -60.0
      },
      {
        "internal_type": "TextModule",
        "internal_toggles": {
          "text_family": 100,
          "paint_color": 100
        },
        "internal_globals": {
          "text_family": "font",
          "paint_color": "text"
        },
        "position_padding_bottom": 0.0,
        "text_size": 140.0,
        "position_offset_y": -10.0
      }
    ]
  }
}