{
  "preset_info": {
    "version": 4,
    "title": "MnmlClock",
    "description": "Time with seconds progress and indicator.",
    "author": "LaSing Productions",
    "email": "lasingproductions@gmail.com"
  },
  "preset_root": {
    "internal_type": "RootLayerModule",
    "background_type": "SOLID",
    "background_color": "#FF272430",
    "position_padding_top": 80,
    "globals_list": {
      "bg": {
        "index": 1,
        "type": "COLOR",
        "title": "bg",
        "value": "#FFFFFFFF"
      },
      "progress": {
        "index": 2,
        "type": "COLOR",
        "title": "progress",
        "value": "#FFFF4083"
      },
      "dot": {
        "index": 3,
        "type": "COLOR",
        "title": "dot",
        "value": "#FFFF4084"
      },
      "txt1": {
        "index": 4,
        "type": "COLOR",
        "title": "txt1",
        "value": "#FFFFFFFF"
      },
      "txt2": {
        "index": 5,
        "type": "COLOR",
        "title": "txt2",
        "value": "#FFFF4084"
      },
      "time": {
        "index": 6,
        "type": "FONT",
        "title": "time",
        "value": "kfile:\/\/org.kustom.provider\/fonts\/Roboto-Thin.ttf"
      },
      "sec": {
        "index": 7,
        "type": "FONT",
        "title": "sec",
        "value": "kfile:\/\/org.kustom.provider\/fonts\/Roboto-Light.ttf"
      }
    },
    "viewgroup_items": [
      {
        "internal_type": "OverlapLayerModule",
        "internal_title": "MnmlClock",
        "viewgroup_items": [
          {
            "internal_type": "OverlapLayerModule",
            "internal_title": "Seconds",
            "viewgroup_items": [
              {
                "internal_type": "ShapeModule",
                "shape_type": "SLICE",
                "shape_width": 550,
                "internal_toggles": {
                  "paint_color": 100,
                  "fx_gradient_color": 10,
                  "shape_angle": 10
                },
                "internal_formulas": {
                  "fx_gradient_color": "$ce(gv(base), lum, 20)$",
                  "shape_angle": "$360\/60*df(s)$",
                  "paint_color": "$ce(gv(base), lum, 90)$"
                },
                "internal_globals": {
                  "paint_color": "progress"
                },
                "shape_height": 8,
                "internal_title": "progress",
                "paint_color": "#FFFF4082"
              },
              {
                "internal_type": "ShapeModule",
                "shape_type": "SLICE",
                "shape_width": 550,
                "internal_toggles": {
                  "paint_color": 100,
                  "fx_gradient_color": 10,
                  "shape_angle": 10,
                  "shape_rotate_offset": 10
                },
                "internal_formulas": {
                  "fx_gradient_color": "$ce(gv(base), lum, 20)$",
                  "shape_angle": "$360\/60*(60-df(s))$",
                  "paint_color": "$ce(gv(base), lum, 90)$",
                  "shape_rotate_offset": "$360\/60*df(s)$"
                },
                "internal_globals": {
                  "paint_color": "bg"
                },
                "shape_height": 8,
                "shape_rotate_mode": "MANUAL",
                "internal_title": "background"
              },
              {
                "internal_type": "OverlapLayerModule",
                "config_rotate_mode": "CLOCK_SECOND",
                "internal_title": "dot",
                "viewgroup_items": [
                  {
                    "internal_type": "ShapeModule",
                    "shape_type": "CIRCLE",
                    "shape_width": 25,
                    "position_padding_bottom": 540,
                    "shape_height": 264,
                    "internal_toggles": {
                      "paint_color": 100
                    },
                    "internal_globals": {
                      "paint_color": "dot"
                    }
                  }
                ]
              }
            ]
          },
          {
            "internal_type": "TextModule",
            "internal_toggles": {
              "text_family": 100,
              "paint_color": 100
            },
            "internal_globals": {
              "text_family": "time",
              "paint_color": "txt1"
            },
            "text_expression": "$df(hhmm)$",
            "text_size": 200,
            "text_align": "CENTER"
          },
          {
            "internal_type": "TextModule",
            "internal_toggles": {
              "text_family": 100,
              "paint_color": 100
            },
            "internal_globals": {
              "text_family": "sec",
              "paint_color": "txt2"
            },
            "text_expression": "$df(ss)$\"",
            "text_size": 50,
            "text_align": "CENTER",
            "position_padding_top": 330
          }
        ]
      }
    ]
  }
}