{
  "preset_info": {
    "author": "Kustom Industries",
    "description": "A scrolling template showing date / time and weather on 5 screens",
    "email": "",
    "title": "BunchOfText",
    "version": 4
  },
  "preset_root": {
    "internal_type": "RootLayerModule",
    "background_type": "SOLID",
    "position_padding_top": 164,
    "globals_list": {
      "fgcolor": {
        "index": 1,
        "type": "COLOR",
        "title": "FgColor",
        "value": "#FFFFA700"
      },
      "clock": {
        "index": 2,
        "type": "FONT",
        "title": "Clock",
        "value": "kfile:\/\/org.kustom.provider\/fonts\/Roboto-Black.ttf"
      },
      "scale": {
        "index": 3,
        "type": "NUMBER",
        "title": "Scale",
        "min": 20,
        "max": 400,
        "value": 100
      }
    },
    "background_color": "#FF0D1D35",
    "viewgroup_items": [
      {
        "internal_type": "StackLayerModule",
        "config_stacking": "HORIZONTAL_BOTTOM",
        "internal_toggles": {
          "config_scale_value": 100
        },
        "internal_globals": {
          "config_scale_value": "scale"
        },
        "config_scale_mode": "PROPORTIONAL",
        "internal_animations": {
          "4662a1289ada4fd4": {
            "type": "SCROLL",
            "center": "CENTER_M3"
          },
          "05e1d094b6c84f32": {
            "type": "SCROLL",
            "action": "FADE",
            "center": "CENTER_M3",
            "speed": 50
          }
        },
        "position_anchor": "TOPLEFT",
        "internal_title": "Date",
        "position_padding_left": 10,
        "viewgroup_items": [
          {
            "internal_type": "OverlapLayerModule",
            "viewgroup_items": [
              {
                "internal_type": "TextModule",
                "internal_toggles": {
                  "text_family": 100,
                  "paint_color": 100
                },
                "internal_globals": {
                  "text_family": "clock",
                  "paint_color": "fgcolor"
                },
                "text_expression": "$df(d)$",
                "text_size": 253,
                "position_anchor": "TOPRIGHT"
              },
              {
                "internal_type": "TextModule",
                "internal_toggles": {
                  "text_family": 100,
                  "paint_color": 100
                },
                "internal_globals": {
                  "text_family": "clock",
                  "paint_color": "fgcolor"
                },
                "text_expression": "$tc(up, df(EEEE))$",
                "text_size": 60,
                "position_padding_right": 12,
                "position_padding_top": 238,
                "position_anchor": "BOTTOMRIGHT"
              }
            ]
          },
          {
            "internal_type": "OverlapLayerModule",
            "viewgroup_items": [
              {
                "internal_type": "TextModule",
                "internal_toggles": {
                  "text_family": 100,
                  "paint_color": 100
                },
                "internal_globals": {
                  "text_family": "clock",
                  "paint_color": "fgcolor"
                },
                "text_expression": "$tc(up, df(MMM))$",
                "text_size": 90,
                "position_padding_left": 9,
                "position_padding_bottom": 130,
                "position_anchor": "TOPLEFT"
              },
              {
                "internal_type": "TextModule",
                "internal_toggles": {
                  "text_family": 100,
                  "paint_color": 100
                },
                "internal_globals": {
                  "text_family": "clock",
                  "paint_color": "fgcolor"
                },
                "text_expression": "$df(yyy)$",
                "text_size": 48,
                "position_anchor": "TOP",
                "position_padding_left": 10,
                "position_padding_top": 82
              },
              {
                "internal_type": "TextModule",
                "internal_toggles": {
                  "text_family": 100,
                  "paint_color": 100
                },
                "internal_globals": {
                  "text_family": "clock",
                  "paint_color": "fgcolor"
                },
                "text_expression": "w",
                "text_size": 40,
                "position_anchor": "BOTTOMLEFT",
                "position_padding_left": 10,
                "position_padding_top": 50,
                "position_padding_bottom": 19
              },
              {
                "internal_type": "TextModule",
                "internal_toggles": {
                  "text_family": 100,
                  "paint_color": 100
                },
                "internal_globals": {
                  "text_family": "clock",
                  "paint_color": "fgcolor"
                },
                "text_expression": "$df(w)$",
                "text_size": 100,
                "position_anchor": "BOTTOM",
                "position_padding_left": 25,
                "position_padding_bottom": 5
              }
            ]
          }
        ]
      },
      {
        "internal_type": "StackLayerModule",
        "config_stacking": "HORIZONTAL_BOTTOM",
        "internal_toggles": {
          "config_scale_value": 100
        },
        "internal_globals": {
          "config_scale_value": "scale"
        },
        "config_scale_mode": "PROPORTIONAL",
        "internal_animations": {
          "4662a1289ada4fd4": {
            "type": "SCROLL"
          },
          "05e1d094b6c84f32": {
            "type": "SCROLL",
            "action": "FADE",
            "speed": 50
          }
        },
        "internal_title": "Clock",
        "viewgroup_items": [
          {
            "internal_type": "OverlapLayerModule",
            "viewgroup_items": [
              {
                "internal_type": "TextModule",
                "internal_toggles": {
                  "text_family": 100,
                  "paint_color": 100
                },
                "internal_globals": {
                  "text_family": "clock",
                  "paint_color": "fgcolor"
                },
                "text_expression": "$df(h)$",
                "text_size": 253,
                "position_anchor": "TOPRIGHT"
              },
              {
                "internal_type": "TextModule",
                "internal_toggles": {
                  "text_family": 100,
                  "paint_color": 100
                },
                "internal_globals": {
                  "text_family": "clock",
                  "paint_color": "fgcolor"
                },
                "text_expression": "$df(ss)$",
                "text_size": 64,
                "position_padding_right": 12,
                "position_padding_top": 238,
                "position_anchor": "BOTTOMRIGHT"
              }
            ]
          },
          {
            "internal_type": "OverlapLayerModule",
            "viewgroup_items": [
              {
                "internal_type": "TextModule",
                "internal_toggles": {
                  "text_family": 100,
                  "paint_color": 100
                },
                "internal_globals": {
                  "text_family": "clock",
                  "paint_color": "fgcolor"
                },
                "text_expression": "$tc(up, df(a))$",
                "text_size": 60,
                "position_padding_left": 9,
                "position_padding_bottom": 130,
                "position_anchor": "TOPLEFT"
              },
              {
                "internal_type": "TextModule",
                "internal_toggles": {
                  "text_family": 100,
                  "paint_color": 100
                },
                "internal_globals": {
                  "text_family": "clock",
                  "paint_color": "fgcolor"
                },
                "text_expression": "$df(mm)$",
                "text_size": 135,
                "position_anchor": "BOTTOM"
              }
            ]
          }
        ]
      },
      {
        "internal_type": "StackLayerModule",
        "config_stacking": "HORIZONTAL_BOTTOM",
        "internal_toggles": {
          "config_scale_value": 100
        },
        "internal_globals": {
          "config_scale_value": "scale"
        },
        "config_scale_mode": "PROPORTIONAL",
        "internal_animations": {
          "4662a1289ada4fd4": {
            "type": "SCROLL",
            "center": "CENTER_P3"
          },
          "05e1d094b6c84f32": {
            "type": "SCROLL",
            "action": "FADE",
            "center": "CENTER_P3",
            "speed": 50
          }
        },
        "position_anchor": "TOPRIGHT",
        "internal_title": "Weather",
        "position_padding_left": 10,
        "viewgroup_items": [
          {
            "internal_type": "OverlapLayerModule",
            "viewgroup_items": [
              {
                "internal_type": "TextModule",
                "internal_toggles": {
                  "text_family": 100,
                  "paint_color": 100
                },
                "internal_globals": {
                  "text_family": "clock",
                  "paint_color": "fgcolor"
                },
                "text_expression": "$wi(temp)$°",
                "text_size": 253,
                "position_anchor": "TOPRIGHT"
              },
              {
                "internal_type": "TextModule",
                "internal_toggles": {
                  "text_family": 100,
                  "paint_color": 100
                },
                "internal_globals": {
                  "text_family": "clock",
                  "paint_color": "fgcolor"
                },
                "text_expression": "$tc(up, wi(cond))$",
                "text_size": 60,
                "position_padding_right": 12,
                "position_padding_top": 238,
                "position_anchor": "BOTTOMRIGHT"
              },
              {
                "internal_type": "TextModule",
                "internal_toggles": {
                  "text_family": 100,
                  "paint_color": 100
                },
                "internal_globals": {
                  "text_family": "clock",
                  "paint_color": "fgcolor"
                },
                "text_expression": "$wi(tempu)$",
                "text_size": 60,
                "position_padding_right": 46,
                "position_padding_top": 115,
                "position_anchor": "TOPRIGHT"
              }
            ]
          },
          {
            "internal_type": "OverlapLayerModule",
            "viewgroup_items": [
              {
                "internal_type": "TextModule",
                "internal_toggles": {
                  "text_family": 100,
                  "paint_color": 100
                },
                "internal_globals": {
                  "text_family": "clock",
                  "paint_color": "fgcolor"
                },
                "text_expression": "MIN",
                "text_size": 40,
                "position_padding_left": 9,
                "position_padding_bottom": 130,
                "position_anchor": "TOPLEFT"
              },
              {
                "internal_type": "TextModule",
                "internal_toggles": {
                  "text_family": 100,
                  "paint_color": 100
                },
                "internal_globals": {
                  "text_family": "clock",
                  "paint_color": "fgcolor"
                },
                "text_expression": "$wf(min, 0)$°$wi(unit)$",
                "text_size": 100,
                "position_anchor": "TOPLEFT",
                "position_padding_left": 5,
                "position_padding_bottom": 5,
                "position_padding_top": 20
              },
              {
                "internal_type": "TextModule",
                "internal_toggles": {
                  "text_family": 100,
                  "paint_color": 100
                },
                "internal_globals": {
                  "text_family": "clock",
                  "paint_color": "fgcolor"
                },
                "text_expression": "MAX",
                "text_size": 40,
                "position_padding_left": 9,
                "position_anchor": "TOPLEFT",
                "position_padding_top": 125
              },
              {
                "internal_type": "TextModule",
                "internal_toggles": {
                  "text_family": 100,
                  "paint_color": 100
                },
                "internal_globals": {
                  "text_family": "clock",
                  "paint_color": "fgcolor"
                },
                "text_expression": "$wf(max, 0)$°$wi(unit)$",
                "text_size": 104,
                "position_anchor": "TOPLEFT",
                "position_padding_left": 5,
                "position_padding_bottom": 5,
                "position_padding_top": 144
              }
            ]
          }
        ]
      }
    ]
  }
}