{
  "preset_info": {
    "archive": "kfile:////",
    "author": "Kustom Industries",
    "description": "Micro clock with configurable colors",
    "email": "",
    "title": "Donut",
    "version": 7
  },
  "preset_root": {
    "internal_type": "RootLayerModule",
    "background_type": "SOLID",
    "config_scale_value": 180.0,
    "globals_list": {
      "color1": {
        "index": 6,
        "type": "COLOR",
        "title": "color1",
        "value": "#FF00AB99"
      },
      "color2": {
        "index": 7,
        "type": "COLOR",
        "title": "color2",
        "value": "#FF006AC4"
      }
    },
    "viewgroup_items": [
      {
        "internal_type": "OverlapLayerModule",
        "config_rotate_mode": "CLOCK_HOUR_SMOOTH",
        "internal_title": "Hours",
        "viewgroup_items": [
          {
            "internal_type": "OverlapLayerModule",
            "viewgroup_items": [
              {
                "internal_type": "ShapeModule",
                "internal_toggles": {
                  "paint_color": 100
                },
                "internal_globals": {
                  "paint_color": "color2"
                },
                "position_padding_bottom": 332.0,
                "shape_type": "TRIANGLE",
                "shape_width": 40.0,
                "shape_height": 40.0,
                "shape_rotate_mode": "DEG270",
                "fx_shadow": "OUTER",
                "fx_shadow_color": "#72000000",
                "fx_shadow_direction": 0,
                "fx_shadow_distance": 1
              }
            ]
          },
          {
            "internal_type": "ShapeModule",
            "internal_toggles": {
              "paint_color": 100
            },
            "internal_globals": {
              "paint_color": "color2"
            },
            "shape_type": "CIRCLE",
            "shape_width": 300.0,
            "fx_shadow": "OUTER",
            "fx_shadow_color": "#72000000",
            "fx_shadow_direction": 0,
            "fx_shadow_distance": 1,
            "fx_shadow_blur": 30.0
          }
        ]
      },
      {
        "internal_type": "OverlapLayerModule",
        "config_rotate_mode": "CLOCK_MINUTE",
        "internal_title": "Minutes",
        "viewgroup_items": [
          {
            "internal_type": "OverlapLayerModule",
            "viewgroup_items": [
              {
                "internal_type": "ShapeModule",
                "internal_toggles": {
                  "paint_color": 100
                },
                "internal_globals": {
                  "paint_color": "color1"
                },
                "position_padding_bottom": 232.0,
                "shape_type": "TRIANGLE",
                "shape_width": 40.0,
                "shape_height": 40.0,
                "shape_rotate_mode": "DEG270",
                "fx_shadow": "OUTER",
                "fx_shadow_color": "#72000000",
                "fx_shadow_distance": 1.0
              }
            ]
          },
          {
            "internal_type": "ShapeModule",
            "internal_toggles": {
              "paint_color": 100
            },
            "internal_globals": {
              "paint_color": "color1"
            },
            "shape_type": "CIRCLE",
            "shape_width": 200.0,
            "fx_shadow": "OUTER",
            "fx_shadow_color": "#72000000",
            "fx_shadow_direction": 0,
            "fx_shadow_distance": 1
          }
        ]
      },
      {
        "internal_type": "ShapeModule",
        "shape_type": "CIRCLE",
        "shape_width": 100.0,
        "paint_mode": "CLEAR"
      }
    ]
  }
}